date,kwh,Cumulative_solar_power,Gas/day
10/26/2011,5,0.1,9
10/27/2011,10.1,10.2,9.2
10/28/2011,10,20.2,8
10/29/2011,9.4,29.6,6.6
10/30/2011,4.6,34.2,5.3
10/31/2011,3.8,38,5.7
11/1/2011,0,46.6,5.3
11/2/2011,0,51.6,5.4
11/3/2011,0,58.6,7.6
11/4/2011,0,60.5,5.5
11/5/2011,0,65.7,5.2
11/6/2011,0,71.8,4.8
11/7/2011,0,73.3,5.3
11/8/2011,0,73.8,7.3
11/9/2011,0,76.1,8.3
11/10/2011,0,82.5,7.2
11/11/2011,0,89.1,10.5
11/12/2011,0,95.5,10.2
11/13/2011,0,99.9,10.7
11/14/2011,1.5,101.4,9.9
11/15/2011,7.7,109.1,11.4
11/16/2011,6.9,116,13.6
11/17/2011,6.3,122.3,16.1
11/18/2011,2,124.3,12.8
11/19/2011,6.2,130.5,10.3
11/20/2011,6,136.5,12.6
11/21/2011,6,142.5,12.8
11/22/2011,2.5,145,13.4
11/23/2011,3.3,148.3,11.9
11/24/2011,1.5,149.8,9.7
11/25/2011,1.9,151.7,12.6
11/26/2011,0.7,152.4,11.3
11/27/2011,3.7,156.1,12.6
11/28/2011,1.3,157.4,12.5
11/29/2011,6.5,163.9,10.7
11/30/2011,1.4,165.3,13.4
12/1/2011,124.1,170.7,11
12/2/2011,120.5,172.1,10.6
12/3/2011,116.1,174.7,14.4
12/4/2011,114.8,175.3,12.7
12/5/2011,110.6,176.3,10.7
12/6/2011,107,178.8,15
12/7/2011,107.2,180.5,15.7
12/8/2011,108.2,182,15.4
12/9/2011,107.5,183.6,15.4
12/10/2011,105.9,188.4,15.2
12/11/2011,103.5,192.6,15.4
12/12/2011,99.5,195,15.5
12/13/2011,2.8,197.8,14.2
12/14/2011,1.3,199.1,13.7
12/15/2011,1,200.1,16.2
12/16/2011,1.5,201.6,15.8
12/17/2011,0.2,201.8,17.3
12/18/2011,3.6,205.4,17.8
12/19/2011,4.3,209.7,16
12/20/2011,1.9,211.6,20.1
12/21/2011,2.8,214.4,14.4
12/22/2011,0.9,215.3,14.2
12/23/2011,0.9,216.2,12.9
12/24/2011,1.2,217.4,11.1
12/25/2011,2.3,219.7,12.4
12/26/2011,0.6,220.3,14.1
12/27/2011,0.4,220.7,11.5
12/28/2011,0.5,221.2,11.4
12/29/2011,0.5,221.7,12.7
12/30/2011,0.9,222.6,15.4
12/31/2011,3.6,226.2,15.2
1/1/2012,0.5,226.7,13.6
1/2/2012,0,227.5,10.6
1/3/2012,0,230.4,11.7
1/4/2012,0,231.2,19.3
1/5/2012,0,233.9,10.6
1/6/2012,0,235.5,14.9
1/7/2012,0,236.5,15.4
1/8/2012,0,240.6,14.6
1/9/2012,0,245.8,13.5
1/10/2012,0,246.8,11.8
1/11/2012,0,248.3,11.1
1/12/2012,0,249.9,11.4
1/13/2012,0,251.3,14
1/14/2012,3.4,254.7,13.5
1/15/2012,3.4,258.1,14.7
1/16/2012,5.4,263.5,16
1/17/2012,5.9,269.4,16.6
1/18/2012,5.4,274.8,18.3
1/19/2012,1.7,276.5,17.3
1/20/2012,0.8,277.3,17.1
1/21/2012,0.8,278.1,14.5
1/22/2012,0.8,278.9,14.7
1/23/2012,3.9,282.8,15.5
1/24/2012,3.3,286.1,13.6
1/25/2012,2.1,288.2,15.8
1/26/2012,1.4,289.6,13.5
1/27/2012,1.1,290.7,14.7
1/28/2012,6.3,297,13.7
1/29/2012,3.3,300.3,15.6
1/30/2012,1.3,301.6,17.9
1/31/2012,0.2,301.8,21.8
2/1/2012,80.7,307.4,19.2
2/2/2012,88.3,315.8,25
2/3/2012,93.9,324.3,28
2/4/2012,95.4,326.6,28
2/5/2012,100.3,334.2,26
2/6/2012,104.3,339.8,26
2/7/2012,111.9,348.4,25
2/8/2012,115.1,355.7,29
2/9/2012,117.8,363.6,25
2/10/2012,120.5,367.3,24
2/11/2012,128.6,376.9,27
2/12/2012,133.4,383.3,27
2/13/2012,0,385.9,25
2/14/2012,3,388.9,20
2/15/2012,4.7,393.6,16
2/16/2012,2.4,396,16
2/17/2012,3.6,399.6,15
2/18/2012,5.2,404.8,16
2/19/2012,1.5,406.3,16
2/20/2012,7.3,413.6,15
2/21/2012,10.7,424.3,16
2/22/2012,6.4,430.7,17
2/23/2012,6.2,436.9,17
2/24/2012,2.4,439.3,14
2/25/2012,2.3,441.6,12
2/26/2012,9.1,450.7,12
2/27/2012,2.6,453.3,14
2/28/2012,3.9,457.2,13
2/29/2012,1.5,458.7,12
3/1/2012,153.8,461.2,11
3/2/2012,147.7,463.5,10
3/3/2012,141,465.3,13
3/4/2012,144.8,471.4,9
3/5/2012,141.3,475.5,12
3/6/2012,137.3,477.1,13
3/7/2012,135.1,483.5,13
3/8/2012,130.1,485.8,16
3/9/2012,134.4,498,16
3/10/2012,136.8,504.1,13
3/11/2012,131.3,508.2,11
3/12/2012,141,524.3,7
3/13/2012,0,538,12
3/14/2012,3.5,541.5,9
3/15/2012,13.2,554.7,11
3/16/2012,17.2,571.9,9
3/17/2012,15.7,587.6,8
3/18/2012,4.9,592.5,11
3/19/2012,9,601.5,16
3/20/2012,17.8,619.3,12
3/21/2012,13.2,632.5,10
3/22/2012,18.3,650.8,11
3/23/2012,17.7,668.5,5
3/24/2012,17.7,686.2,6
3/25/2012,17.1,703.3,3
3/26/2012,20.2,723.5,7
3/27/2012,19.3,742.8,7
3/28/2012,17.9,760.7,6
3/29/2012,19.4,780.1,8
3/30/2012,14.2,794.3,7
3/31/2012,2.3,796.6,10
4/1/2012,343,804.2,11
4/2/2012,359.8,823.3,19
4/3/2012,378.9,844.2,9
4/4/2012,388.9,860.3,9
4/5/2012,396.9,872.4,9
4/6/2012,401.1,878.2,10
4/7/2012,416.7,900.2,10
4/8/2012,425.1,910.9,12
4/9/2012,424.1,922.1,12
4/10/2012,423.8,927.9,10
4/11/2012,424.9,933.1,10
4/12/2012,416.2,940.5,12
4/13/2012,0,953.9,11
4/14/2012,19,972.9,19
4/15/2012,19.5,992.4,20
4/16/2012,8.7,1001.1,11
4/17/2012,20.2,1021.3,11
4/18/2012,8.2,1029.5,13
4/19/2012,12.4,1041.9,13
4/20/2012,17.1,1059,11
4/21/2012,13.4,1072.4,11
4/22/2012,13.7,1086.1,11
4/23/2012,17.3,1103.4,11
4/24/2012,11.5,1114.9,10
4/25/2012,11.2,1126.1,10
4/26/2012,7.8,1133.9,9
4/27/2012,13.8,1147.7,10
4/28/2012,11.2,1158.9,8
4/29/2012,8.1,1167,6
4/30/2012,19.9,1186.9,5
5/1/2012,397.8,1202,5
5/2/2012,399.6,1222.9,3
5/3/2012,383.8,1228,6
5/4/2012,372.7,1233,4
5/5/2012,381.1,1253.5,6
5/6/2012,380.7,1258.9,5
5/7/2012,370.7,1270.9,8
5/8/2012,381.3,1292.2,6
5/9/2012,380.5,1302.6,7
5/10/2012,390.5,1318.4,4
5/11/2012,394.6,1327.7,2
5/12/2012,397.6,1338.1,4
5/13/2012,0,1359,5
5/14/2012,22.3,1381.3,6
5/15/2012,28.7,1410,5
5/16/2012,11.5,1421.5,7
5/17/2012,30.5,1452,8
5/18/2012,17,1469,8
5/19/2012,8,1477,6
5/20/2012,22,1499,2
5/21/2012,19,1518,2
5/22/2012,15,1533,2
5/23/2012,28.9,1561.9,2
5/24/2012,26.3,1588.2,1
5/25/2012,19.3,1607.5,1
5/26/2012,29.2,1636.7,1
5/27/2012,28.3,1665,1
5/28/2012,27.3,1692.3,1
5/29/2012,29.3,1721.6,1
5/30/2012,24.7,1746.3,1
5/31/2012,23.1,1769.4,1
6/1/2012,580.5,1782.5,1
6/2/2012,579.5,1802.4,1
6/3/2012,597.9,1825.9,2
6/4/2012,596.1,1829.1,4
6/5/2012,582.9,1836.4,6
6/6/2012,605.3,1864.2,6
6/7/2012,610.2,1881.1,5
6/8/2012,601.4,1893.6,2
6/9/2012,613.4,1916,3
6/10/2012,618.4,1936.8,4
6/11/2012,621.2,1948.9,3
6/12/2012,621.2,1959.3,3
6/13/2012,0,1968.7,4
6/14/2012,12.6,1981.3,5
6/15/2012,26,2007.3,3
6/16/2012,8,2015.3,3
6/17/2012,18.9,2034.2,3
6/18/2012,22.5,2056.7,2
6/19/2012,13.2,2069.9,3
6/20/2012,20.5,2090.4,2
6/21/2012,20.5,2110.9,2
6/22/2012,11.8,2122.7,1
6/23/2012,19.7,2142.4,1
6/24/2012,20,2162.4,3
6/25/2012,10.7,2173.1,3
6/26/2012,22.6,2195.7,4
6/27/2012,23.4,2219.1,2
6/28/2012,9.7,2228.8,1
6/29/2012,22.4,2251.2,1
6/30/2012,19.1,2270.3,1
7/1/2012,511.9,2294.4,1
7/2/2012,515.5,2317.9,1
7/3/2012,517.6,2343.5,1
7/4/2012,526.9,2356,1
7/5/2012,539.7,2376.1,1
7/6/2012,526.9,2391.1,1
7/7/2012,531.7,2412.8,1
7/8/2012,536.9,2430.5,1
7/9/2012,529.3,2445.3,1
7/10/2012,519.3,2456.1,1
7/11/2012,519.8,2468.7,2
7/12/2012,524.7,2484,2
7/13/2012,0,2500,2
7/14/2012,15,2515,2
7/15/2012,16.4,2531.4,2
7/16/2012,14.1,2545.5,5
7/17/2012,7.3,2552.8,5
7/18/2012,10.6,2563.4,4
7/19/2012,19.4,2582.8,3
7/20/2012,13.1,2595.9,2
7/21/2012,9.1,2605,4
7/22/2012,22.4,2627.4,3
7/23/2012,26,2653.4,2
7/24/2012,27.2,2680.6,1
7/25/2012,26.7,2707.3,1
7/26/2012,25.7,2733,0
7/27/2012,23,2756,0
7/28/2012,15.2,2771.2,0
7/29/2012,12.5,2783.7,0
7/30/2012,18,2801.7,0
7/31/2012,15.7,2817.4,0
8/1/2012,531.4,2825.8,3
8/2/2012,522.7,2840.6,2
8/3/2012,515.2,2858.7,1
8/4/2012,517.3,2873.3,1
8/5/2012,512.8,2888.9,1
8/6/2012,513.6,2904.7,1
8/7/2012,506,2918.8,1
8/8/2012,501.8,2932.3,2
8/9/2012,498.5,2943.8,3
8/10/2012,508,2964.1,2
8/11/2012,521.4,2990.1,1
8/12/2012,530.5,3014.5,0
8/13/2012,0,3040.6,0
8/14/2012,19,3059.6,0
8/15/2012,12.8,3072.4,0
8/16/2012,13.9,3086.3,0
8/17/2012,14.3,3100.6,0
8/18/2012,24.4,3125,4
8/19/2012,22.2,3147.2,0
8/20/2012,17.1,3164.3,0
8/21/2012,10.4,3174.7,0
8/22/2012,15.8,3190.5,0
8/23/2012,16.7,3207.2,0
8/24/2012,22,3229.2,0
8/25/2012,15.8,3245,0
8/26/2012,11.5,3256.5,2
8/27/2012,13.6,3270.1,1
8/28/2012,16.7,3286.8,3
8/29/2012,19.5,3306.3,2
8/30/2012,19.2,3325.5,1
8/31/2012,11.9,3337.4,2
9/1/2012,525.2,3351,4
9/2/2012,533.4,3374,3
9/3/2012,530.9,3389.6,2
9/4/2012,534.3,3407.6,2
9/5/2012,538.7,3427.6,2
9/6/2012,540.9,3445.6,2
9/7/2012,547.5,3466.3,2
9/8/2012,554.8,3487.1,3
9/9/2012,563.7,3507.5,2
9/10/2012,564.2,3528.3,1
9/11/2012,553.5,3543.6,1
9/12/2012,538.5,3553,2
9/13/2012,0,3566.5,3
9/14/2012,9.8,3576.3,5
9/15/2012,5.8,3582.1,6
9/16/2012,15.5,3597.6,3
9/17/2012,16,3613.6,3
9/18/2012,6.6,3620.2,3
9/19/2012,16.3,3636.5,4
9/20/2012,14,3650.5,6
9/21/2012,12.3,3662.8,6
9/22/2012,9.2,3672,6
9/23/2012,17.6,3689.6,6
9/24/2012,4.4,3694,6
9/25/2012,6.3,3700.3,7
9/26/2012,10.2,3710.5,6
9/27/2012,10.4,3720.9,6
9/28/2012,9.9,3730.8,6
9/29/2012,10.2,3741,6
9/30/2012,14.7,3755.7,7
10/1/2012,420.7,3771.7,6
10/2/2012,407.2,3781.2,7
10/3/2012,399.2,3788.8,4
10/4/2012,384.8,3792.4,8
10/5/2012,379.1,3806.7,6
10/6/2012,365.3,3810.9,6
10/7/2012,348.1,3814.4,7
10/8/2012,339.5,3826.6,7
10/9/2012,327.5,3835,9
10/10/2012,312.4,3840.7,10
10/11/2012,308.2,3851.8,8
10/12/2012,309,3862,7
10/13/2012,0,3870.2,11
10/14/2012,2.1,3872.3,10
10/15/2012,5.4,3877.7,10
10/16/2012,7.6,3885.3,9
10/17/2012,9.5,3894.8,10
10/18/2012,4.4,3899.2,6
10/19/2012,3.1,3902.3,4
10/20/2012,4.6,3906.9,4
10/21/2012,3.2,3910.1,6
10/22/2012,5.5,3915.6,3
10/23/2012,9.6,3925.2,4
10/24/2012,8.2,3933.4,5
10/25/2012,8.7,3942.1,5
10/26/2012,1.5,3943.6,11
10/27/2012,2,3945.6,14
10/28/2012,9.2,3954.8,12
10/29/2012,9.3,3964.1,10
10/30/2012,1.8,3965.9,12
10/31/2012,4.3,3970.2,12
11/1/2012,207.4,3979.1,12
11/2/2012,202,3983.2,12
11/3/2012,198.4,3987.2,14
11/4/2012,201.4,3993.8,12
11/5/2012,191.6,3998.3,13
11/6/2012,190.3,4001.2,13
11/7/2012,191.1,4005.5,13
11/8/2012,182,4008.6,11
11/9/2012,176.2,4011.2,10
11/10/2012,174.2,4014.9,10
11/11/2012,164.1,4015.9,10
11/12/2012,158.2,4020.2,10
11/13/2012,0,4022.1,12
11/14/2012,1.8,4023.9,11
11/15/2012,7.2,4031.1,13
11/16/2012,1.8,4032.9,14
11/17/2012,3.7,4036.6,13
11/18/2012,1,4037.6,15
11/19/2012,1.7,4039.3,13
11/20/2012,1.9,4041.2,14
11/21/2012,4.3,4045.5,12
11/22/2012,1.9,4047.4,13
11/23/2012,5.9,4053.3,13
11/24/2012,0.8,4054.1,13
11/25/2012,0.9,4055,12
11/26/2012,4,4059,11
11/27/2012,2.3,4061.3,11
11/28/2012,1.8,4063.1,13
11/29/2012,3.6,4066.7,15
11/30/2012,2.5,4069.2,13
12/1/2012,92.9,4072,17
12/2/2012,91.4,4074.6,16
12/3/2012,90.4,4077.6,15
12/4/2012,84.2,4078,18
12/5/2012,81.5,4079.8,18
12/6/2012,79.4,4080.6,18
12/7/2012,76.6,4082.1,20
12/8/2012,75.2,4083.8,21
12/9/2012,77.5,4088.7,19
12/10/2012,74.1,4089,16
12/11/2012,74.5,4090.4,17
12/12/2012,75.4,4095.6,21
12/13/2012,4.8,4100.4,21
12/14/2012,2.9,4103.3,19
12/15/2012,0.8,4104.1,16
12/16/2012,1.4,4105.5,13
12/17/2012,1.3,4106.8,13
12/18/2012,1,4107.8,13
12/19/2012,1.3,4109.1,15
12/20/2012,2.1,4111.2,13
12/21/2012,0.6,4111.8,17
12/22/2012,1.3,4113.1,14
12/23/2012,0.2,4113.3,13
12/24/2012,0.3,4113.6,11
12/25/2012,1.9,4115.5,11
12/26/2012,2.2,4117.7,11
12/27/2012,1.5,4119.2,13
12/28/2012,1.4,4120.6,13
12/29/2012,1,4121.6,13
12/30/2012,2.9,4124.5,12
12/31/2012,2.4,4126.9,5
1/1/2013,1.1,4128,13
1/2/2013,0,4130.7,12
1/3/2013,0,4133.1,14
1/4/2013,0,4133.7,13
1/5/2013,0,4134.1,11
1/6/2013,0,4134.3,11
1/7/2013,0,4135.4,11
1/8/2013,0,4135.8,13
1/9/2013,0,4136.7,14
1/10/2013,0,4136.9,14
1/11/2013,0,4139.6,15
1/12/2013,0,4141.7,19
1/13/2013,0,4145.9,19
1/14/2013,5.2,4151.1,21
1/15/2013,2.3,4153.4,23
1/16/2013,0,4153.4,23
1/17/2013,1.2,4154.6,25
1/18/2013,0.8,4155.4,25
1/19/2013,2.2,4157.6,21
1/20/2013,1.2,4158.8,24
1/21/2013,0.1,4158.9,24
1/22/2013,0,4158.9,23
1/23/2013,3.2,4162.1,21
1/24/2013,4.9,4167,24
1/25/2013,4.8,4171.8,23
1/26/2013,2.8,4174.6,24
1/27/2013,0.6,4175.2,24
1/28/2013,2.1,4177.3,19
1/29/2013,4.6,4181.9,20
1/30/2013,0.8,4182.7,15
1/31/2013,5.3,4188,12
2/1/2013,63,4191,8
2/2/2013,61.1,4191.8,20
2/3/2013,64.8,4197.9,20
2/4/2013,66.9,4200.6,16
2/5/2013,71.5,4205.6,15
2/6/2013,77.3,4211.6,18
2/7/2013,80.9,4216.3,19
2/8/2013,85.5,4221.3,18
2/9/2013,90.3,4227,19
2/10/2013,94.3,4231.2,19
2/11/2013,99.7,4239.3,19
2/12/2013,100.3,4242,22
2/13/2013,0,4244.5,23
2/14/2013,7.9,4252.4,20
2/15/2013,1,4253.4,22
2/16/2013,6.2,4259.6,18
2/17/2013,2,4261.6,15
2/18/2013,3.4,4265,15
2/19/2013,9.8,4274.8,16
2/20/2013,4.5,4279.3,18
2/21/2013,8.6,4287.9,20
2/22/2013,4.6,4292.5,21
2/23/2013,3.1,4295.6,25
2/24/2013,4.2,4299.8,24
2/25/2013,1.8,4301.6,21
2/26/2013,1.7,4303.3,19
2/27/2013,6.1,4309.4,14
2/28/2013,1.1,4310.5,21
3/1/2013,122.2,4313.2,19
3/2/2013,124,4315.8,19
3/3/2013,123.5,4321.4,18
3/4/2013,126.9,4327.5,17
3/5/2013,136.1,4341.7,15
3/6/2013,140.7,4352.3,13
3/7/2013,148.5,4364.8,11
3/8/2013,149.5,4370.8,11
3/9/2013,150.2,4377.2,10
3/10/2013,147.3,4378.5,13
3/11/2013,140.9,4380.2,17
3/12/2013,140.6,4382.6,23
3/13/2013,0,4390.5,26
3/14/2013,10.6,4401.1,22
3/15/2013,11.2,4412.3,21
3/16/2013,6.7,4419,21
3/17/2013,7.8,4426.8,18
3/18/2013,6.4,4433.2,15
3/19/2013,10.8,4444,13
3/20/2013,8.5,4452.5,15
3/21/2013,2.8,4455.3,18
3/22/2013,10.1,4465.4,17
3/23/2013,11.2,4476.6,20
3/24/2013,2.8,4479.4,21
3/25/2013,0.2,4479.6,22
3/26/2013,11.3,4490.9,21
3/27/2013,20.8,4511.7,20
3/28/2013,20.2,4531.9,18
3/29/2013,10.4,4542.3,18
3/30/2013,7.3,4549.6,20
3/31/2013,7.1,4556.7,17
4/1/2013,251.3,4564.5,19
4/2/2013,271.8,4587.6,17
4/3/2013,289.6,4611,16
4/4/2013,294,4621.5,18
4/5/2013,297.9,4639.6,15
4/6/2013,291.7,4644,17
4/7/2013,289.9,4654.7,15
4/8/2013,305.9,4676.7,13
4/9/2013,310.3,4687.5,13
4/10/2013,318.5,4697,13
4/11/2013,326.5,4706.7,11
4/12/2013,330.3,4712.9,11
4/13/2013,0,4725.1,11
4/14/2013,14.6,4739.7,10
4/15/2013,23.9,4763.6,4
4/16/2013,13.3,4776.9,5
4/17/2013,10.3,4787.2,6
4/18/2013,16.5,4803.7,4
4/19/2013,25.4,4829.1,5
4/20/2013,14.5,4843.6,10
4/21/2013,27.4,4871,10
4/22/2013,22.8,4893.8,8
4/23/2013,23.6,4917.4,9
4/24/2013,14.7,4932.1,7
4/25/2013,24.1,4956.2,5
4/26/2013,23.5,4979.7,3
4/27/2013,1.6,4981.3,8
4/28/2013,15.1,4996.4,10
4/29/2013,28.9,5025.3,10
4/30/2013,17.4,5042.7,10
5/1/2013,501.9,5066.4,8
5/2/2013,500.1,5087.7,7
5/3/2013,500.7,5111.7,6
5/4/2013,510.7,5132.2,4
5/5/2013,510.1,5149.7,7
5/6/2013,530,5174,4
5/7/2013,539.9,5194.6,2
5/8/2013,531.1,5207.8,3
5/9/2013,530.4,5217.9,4
5/10/2013,542.5,5239.5,2
5/11/2013,544.2,5250.9,7
5/12/2013,549.9,5262.8,8
5/13/2013,0,5271.1,11
5/14/2013,11.7,5282.8,8
5/15/2013,13.3,5296.1,8
5/16/2013,26.9,5323,8
5/17/2013,3.7,5326.7,9
5/18/2013,3,5329.7,10
5/19/2013,11.8,5341.5,9
5/20/2013,24.3,5365.8,6
5/21/2013,4.2,5370,8
5/22/2013,2.4,5372.4,7
5/23/2013,11.6,5384,15
5/24/2013,19.9,5403.9,9
5/25/2013,19.1,5423,12
5/26/2013,18.7,5441.7,10
5/27/2013,17,5458.7,7
5/28/2013,29.2,5487.9,5
5/29/2013,14.5,5502.4,4
5/30/2013,4.8,5507.2,9
5/31/2013,9.4,5516.6,7
6/1/2013,476.6,5543,4
6/2/2013,471.8,5559.5,6
6/3/2013,477,5588.7,4
6/4/2013,481.4,5613.6,6
6/5/2013,490.8,5640.5,4
6/6/2013,491.2,5665.2,12
6/7/2013,495.1,5689.7,2
6/8/2013,510.2,5718,1
6/9/2013,529.4,5747.3,1
6/10/2013,537.6,5777.1,1
6/11/2013,551.3,5802.2,2
6/12/2013,552.9,5815.7,2
6/13/2013,0,5828.5,2
6/14/2013,8.3,5836.8,2
6/15/2013,24.4,5861.2,2
6/16/2013,25.7,5886.9,3
6/17/2013,15.1,5902,3
6/18/2013,18.3,5920.3,1
6/19/2013,17.7,5938,1
6/20/2013,12.4,5950.4,1
6/21/2013,18.5,5968.9,1
6/22/2013,9.1,5978,1
6/23/2013,9.8,5987.8,1
6/24/2013,18.1,6005.9,3
6/25/2013,7.5,6013.4,5
6/26/2013,22,6035.4,4
6/27/2013,19.7,6055.1,3
6/28/2013,16.9,6072,4
6/29/2013,7,6079,5
6/30/2013,20.2,6099.2,4
7/1/2013,579,6122,2
7/2/2013,580.5,6140,1
7/3/2013,567.5,6156.2,3
7/4/2013,550.2,6163.8,2
7/5/2013,534.3,6174.8,2
7/6/2013,522.8,6188,1
7/7/2013,522.2,6211.9,0
7/8/2013,522.1,6240.1,0
7/9/2013,519.6,6266.9,0
7/10/2013,518,6295.1,0
7/11/2013,512.5,6314.7,0
7/12/2013,526,6341.7,0
7/13/2013,0,6354.3,2
7/14/2013,27,6381.3,1
7/15/2013,20.1,6401.4,1
7/16/2013,28.9,6430.3,0
7/17/2013,23.7,6454,0
7/18/2013,23,6477,0
7/19/2013,26.5,6503.5,0
7/20/2013,24.3,6527.8,0
7/21/2013,17.8,6545.6,0
7/22/2013,25.4,6571,0
7/23/2013,23.2,6594.2,0
7/24/2013,20.7,6614.9,0
7/25/2013,26.1,6641,0
7/26/2013,20,6661,0
7/27/2013,17.4,6678.4,0
7/28/2013,15.9,6694.3,0
7/29/2013,23.5,6717.8,0
7/30/2013,23.3,6741.1,0
7/31/2013,7.9,6749,0
8/1/2013,644.7,6766.7,0
8/2/2013,652.8,6792.8,0
8/3/2013,657.8,6814,0
8/4/2013,671.3,6835.1,0
8/5/2013,685,6859.8,0
8/6/2013,688.3,6876.3,0
8/7/2013,677,6888.9,0
8/8/2013,651.5,6891.6,1
8/9/2013,643.7,6910.6,2
8/10/2013,634.6,6929.7,1
8/11/2013,629.3,6944,1
8/12/2013,615.3,6957,1
8/13/2013,0,6970.7,2
8/14/2013,24.3,6995,2
8/15/2013,12,7007,3
8/16/2013,14,7021,2
8/17/2013,14.7,7035.7,2
8/18/2013,18.2,7053.9,1
8/19/2013,16.1,7070,1
8/20/2013,24,7094,1
8/21/2013,16,7110,1
8/22/2013,22,7132,2
8/23/2013,8,7140,1
8/24/2013,22,7162,1
8/25/2013,5,7167,1
8/26/2013,11,7178,1
8/27/2013,15,7193,1
8/28/2013,21,7214,1
8/29/2013,16,7230,1
8/30/2013,22,7252,1
8/31/2013,14,7266,1
9/1/2013,519.3,7286,1
9/2/2013,506.2,7299,2
9/3/2013,506,7320,2
9/4/2013,496.9,7332,1
9/5/2013,492.2,7352,1
9/6/2013,495.7,7372,1
9/7/2013,494.1,7383,1
9/8/2013,507.4,7399,1
9/9/2013,503.4,7414,1
9/10/2013,490.3,7420,3
9/11/2013,486,7430,6
9/12/2013,480,7437,6
9/13/2013,0,7447,4
9/14/2013,5,7452,6
9/15/2013,6,7458,4
9/16/2013,10,7468,5
9/17/2013,17,7485,5
9/18/2013,7,7492,7
9/19/2013,5,7497,9
9/20/2013,7,7504,6
9/21/2013,10,7514,7
9/22/2013,13,7527,5
9/23/2013,6,7533,4
9/24/2013,10,7543,3
9/25/2013,16,7559,3
9/26/2013,12,7571,4
9/27/2013,13,7584,4
9/28/2013,14,7598,8
9/29/2013,12,7610,7
9/30/2013,15,7625,6
10/1/2013,354,7640,7
10/2/2013,355,7654,6
10/3/2013,350,7670,4
10/4/2013,348,7680,5
10/5/2013,336,7688,4
10/6/2013,320,7692,4
10/7/2013,318,7701,4
10/8/2013,312,7711,6
10/9/2013,305,7719,5
10/10/2013,305,7725,6
10/11/2013,302,7732,10
10/12/2013,298,7735,10
10/13/2013,0,7746,10
10/14/2013,1,7747,13
10/15/2013,2,7749,10
10/16/2013,3,7752,11
10/17/2013,4,7756,10
10/18/2013,11,7767,9
10/19/2013,9,7776,8
10/20/2013,2,7778,6
10/21/2013,5,7783,6
10/22/2013,5,7788,5
10/23/2013,7,7795,4
10/24/2013,5,7800,5
10/25/2013,9,7809,8
10/26/2013,4,7813,6
10/27/2013,6,7819,5
10/28/2013,3,7822,6
10/29/2013,4,7826,8
10/30/2013,7,7833,19
10/31/2013,5,7838,10
11/1/2013,204,7844,14
11/2/2013,195,7849,10
11/3/2013,180,7850,9
11/4/2013,176,7856,11
11/5/2013,170,7858,12
11/6/2013,168,7860,15
11/7/2013,160,7861,11
11/8/2013,152,7863,9
11/9/2013,147,7866,11
11/10/2013,144,7869,13
11/11/2013,142,7874,15
11/12/2013,143,7878,13
11/13/2013,0,7880,14
11/14/2013,4,7884,20
11/15/2013,2,7886,13
11/16/2013,5,7891,14
11/17/2013,2,7893,14
11/18/2013,1,7894,15
11/19/2013,2,7896,13
11/20/2013,1,7897,17
11/21/2013,2,7899,18
11/22/2013,4,7903,17
11/23/2013,1,7904,17
11/24/2013,2,7906,17
11/25/2013,2,7908,14
11/26/2013,4,7912,14
11/27/2013,2,7914,14
11/28/2013,4,7918,14
11/29/2013,1,7919,14
11/30/2013,1,7920,15
12/1/2013,78,7922,14
12/2/2013,78,7927,14
12/3/2013,81,7931,14
12/4/2013,80,7936,18
12/5/2013,79,7937,17
12/6/2013,78,7938,18
12/7/2013,82,7943,18
12/8/2013,82,7945,17
12/9/2013,81,7947,14
12/10/2013,83,7952,14
12/11/2013,83,7957,16
12/12/2013,84,7962,18
12/13/2013,3,7965,19
12/14/2013,5,7970,19
12/15/2013,5,7975,17
12/16/2013,2,7977,15
12/17/2013,4,7981,13
12/18/2013,1,7982,12
12/19/2013,4,7986,14
12/20/2013,4,7990,13
12/21/2013,5,7995,15
12/22/2013,2,7997,15
12/23/2013,1,7998,15
12/24/2013,1.8,7999.8,15
12/25/2013,0.2,8000,14
12/26/2013,2,8002,13
12/27/2013,4,8006,16
12/28/2013,1,8007,15
12/29/2013,3,8010,14
12/30/2013,4,8014,15
12/31/2013,2,8016,15
1/1/2014,2,8018,16
1/2/2014,0,8021,14
1/3/2014,0,8023,13
1/4/2014,0,8026,14
1/5/2014,0,8027,12
1/6/2014,0,8029,15
1/7/2014,0,8031,12
1/8/2014,0,8034,11
1/9/2014,0,8037,12
1/10/2014,0,8038,14
1/11/2014,0,8041,14
1/12/2014,0,8046,16
1/13/2014,0,8052,16
1/14/2014,5,8057,13
1/15/2014,1,8058,16
1/16/2014,1,8059,17
1/17/2014,1,8060,14
1/18/2014,2,8062,14
1/19/2014,2,8064,13
1/20/2014,3,8067,13
1/21/2014,1,8068,13
1/22/2014,2,8070,15
1/23/2014,5,8075,16
1/24/2014,1,8076,16
1/25/2014,6,8082,16
1/26/2014,2,8084,18
1/27/2014,3,8087,18
1/28/2014,1,8088,18
1/29/2014,2,8090,20
1/30/2014,4,8094,18
1/31/2014,3,8097,17
2/1/2014,83,8101,17
2/2/2014,83,8104,12
2/3/2014,86,8109,19
2/4/2014,91,8117,16
2/5/2014,95,8122,14
2/6/2014,97,8126,16
2/7/2014,98,8129,13
2/8/2014,96,8130,17
2/9/2014,95,8132,16
2/10/2014,97,8135,17
2/11/2014,96,8137,15
2/12/2014,95,8141,17
2/13/2014,0,8147,17
2/14/2014,2,8149,16
2/15/2014,2,8151,14
2/16/2014,6,8157,15
2/17/2014,10,8167,15
2/18/2014,8,8175,13
2/19/2014,2,8177,14
2/20/2014,5,8182,14
2/21/2014,1,8183,14
2/22/2014,10,8193,13
2/23/2014,7,8200,15
2/24/2014,11,8211,7
2/25/2014,9,8220,12
2/26/2014,6,8226,11
2/27/2014,10,8236,14
2/28/2014,2,8238,15
3/1/2014,141,8242,14
3/2/2014,141,8245,15
3/3/2014,145,8254,15
3/4/2014,144,8261,14
3/5/2014,145,8267,14
3/6/2014,154,8280,14
3/7/2014,166,8295,13
3/8/2014,172,8302,12
3/9/2014,184,8316,10
3/10/2014,196,8331,8
3/11/2014,207,8344,8
3/12/2014,218,8359,7
3/13/2014,0,8378,9
3/14/2014,8,8386,9
3/15/2014,16,8402,9
3/16/2014,4,8406,12
3/17/2014,17,8423,9
3/18/2014,7,8430,9
3/19/2014,4,8434,11
3/20/2014,15,8449,9
3/21/2014,18,8467,6
3/22/2014,12,8479,10
3/23/2014,13,8492,12
3/24/2014,13,8505,14
3/25/2014,11,8516,13
3/26/2014,15,8531,12
3/27/2014,13,8544,14
3/28/2014,10,8554,13
3/29/2014,18,8572,10
3/30/2014,16,8588,7
3/31/2014,11,8599,6
4/1/2014,370,8612,5
4/2/2014,386,8631,4
4/3/2014,394,8648,4
4/4/2014,397,8658,3
4/5/2014,396,8663,5
4/6/2014,405,8685,6
4/7/2014,399,8694,5
4/8/2014,406,8708,3
4/9/2014,407,8723,7
4/10/2014,412,8743,10
4/11/2014,419,8763,7
4/12/2014,416,8775,7
4/13/2014,0,8787,7
4/14/2014,21,8808,7
4/15/2014,20,8828,8
4/16/2014,20,8848,9
4/17/2014,26,8874,9
4/18/2014,17,8891,9
4/19/2014,18,8909,9
4/20/2014,27,8936,7
4/21/2014,11,8947,5
4/22/2014,12,8959,5
4/23/2014,17,8976,5
4/24/2014,24,9000,3
4/25/2014,13,9013,4
4/26/2014,22,9035,2
4/27/2014,15,9050,4
4/28/2014,15,9065,5
4/29/2014,9,9074,4
4/30/2014,6,9080,5
5/1/2014,495,9107,5
5/2/2014,494,9125,5
5/3/2014,484,9132,7
5/4/2014,494,9152,8
5/5/2014,510,9173,6
5/6/2014,511,9196,6
5/7/2014,516,9210,5
5/8/2014,518,9226,5
5/9/2014,509,9232,8
5/10/2014,507,9250,7
5/11/2014,495,9258,9
5/12/2014,491,9266,10
5/13/2014,0,9283,8
5/14/2014,23,9306,7
5/15/2014,23,9329,8
5/16/2014,27,9356,6
5/17/2014,31,9387,4
5/18/2014,28,9415,3
5/19/2014,20,9435,1
5/20/2014,20,9455,1
5/21/2014,20,9475,1
5/22/2014,20,9495,1
5/23/2014,21,9516,1
5/24/2014,22,9538,1
5/25/2014,21,9559,1
5/26/2014,21,9580,1
5/27/2014,10,9590,3
5/28/2014,5,9595,3
5/29/2014,6,9601,5
5/30/2014,14,9615,3
5/31/2014,22,9637,3
6/1/2014,547,9654,3
6/2/2014,550,9675,3
6/3/2014,571,9703,1
6/4/2014,568,9720,2
6/5/2014,559,9732,3
6/6/2014,561,9757,4
6/7/2014,578,9788,1
6/8/2014,583,9809,1
6/9/2014,604,9836,1
6/10/2014,600,9850,1
6/11/2014,604,9862,1
6/12/2014,628,9894,0
6/13/2014,0,9918,0
6/14/2014,27,9945,0
6/15/2014,21,9966,0
6/16/2014,20,9986,1
6/17/2014,10,9996,1
6/18/2014,16,10012,1
6/19/2014,16,10028,2
6/20/2014,14,10042,3
6/21/2014,14,10056,3
6/22/2014,19,10075,1
6/23/2014,27,10102,1
6/24/2014,28,10130,1
6/25/2014,27,10157,1
6/26/2014,18,10175,1
6/27/2014,23,10198,1
6/28/2014,12,10210,1
6/29/2014,15,10225,1
6/30/2014,23,10248,1
7/1/2014,620,10274,2
7/2/2014,627,10302,1
7/3/2014,625,10328,1
7/4/2014,639,10359,0
7/5/2014,642,10374,0
7/6/2014,628,10385,0
7/7/2014,607,10395,0
7/8/2014,603,10412,0
7/9/2014,581,10417,0
7/10/2014,569,10419,5
7/11/2014,565,10427,2
7/12/2014,538,10432,2
7/13/2014,0,10436,2
7/14/2014,13,10449,2
7/15/2014,24,10473,1
7/16/2014,14,10487,1
7/17/2014,29,10516,0
7/18/2014,25,10541,0
7/19/2014,28,10569,0
7/20/2014,14,10583,0
7/21/2014,8,10591,0
7/22/2014,12,10603,0
7/23/2014,27,10630,0
7/24/2014,28,10658,0
7/25/2014,22,10680,0
7/26/2014,11,10691,0
7/27/2014,16,10707,0
7/28/2014,16,10723,0
7/29/2014,7,10730,0
7/30/2014,22,10752,0
7/31/2014,22,10774,0
8/1/2014,526,10800,0
8/2/2014,517,10819,0
8/3/2014,513,10841,0
8/4/2014,497,10856,0
8/5/2014,502,10876,0
8/6/2014,515,10900,0
8/7/2014,511,10906,0
8/8/2014,510,10922,0
8/9/2014,512,10929,0
8/10/2014,527,10946,0
8/11/2014,531,10958,0
8/12/2014,548,10980,0
8/13/2014,0,11002,0
8/14/2014,20,11022,1
8/15/2014,10,11032,4
8/16/2014,18,11050,3
8/17/2014,21,11071,2
8/18/2014,8,11079,3
8/19/2014,11,11090,5
8/20/2014,22,11112,5
8/21/2014,13,11125,6
8/22/2014,12,11137,5
8/23/2014,11,11148,5
8/24/2014,22,11170,4
8/25/2014,14,11184,5
8/26/2014,6,11190,5
8/27/2014,2,11192,5
8/28/2014,18,11210,3
8/29/2014,8,11218,3
8/30/2014,14,11232,2
8/31/2014,7,11239,3
9/1/2014,453,11253,3
9/2/2014,449,11268,3
9/3/2014,443,11284,2
9/4/2014,450,11306,2
9/5/2014,440,11316,2
9/6/2014,429,11329,1
9/7/2014,427,11333,1
9/8/2014,427,11349,1
9/9/2014,441,11370,1
9/10/2014,438,11384,4
9/11/2014,439,11397,4
9/12/2014,432,11412,3
9/13/2014,0,11430,2
9/14/2014,17,11447,3
9/15/2014,13,11460,3
9/16/2014,12,11472,2
9/17/2014,17,11489,2
9/18/2014,17,11506,2
9/19/2014,13,11519,1
9/20/2014,13,11532,1
9/21/2014,11,11543,1
9/22/2014,13,11556,1
9/23/2014,10,11566,3
9/24/2014,10,11576,5
9/25/2014,7,11583,6
9/26/2014,14,11597,6
9/27/2014,4,11601,4
9/28/2014,15,11616,4
9/29/2014,13,11629,3
9/30/2014,4,11633,3
10/1/2014,391,11644,3
10/2/2014,387,11655,3
10/3/2014,375,11659,4
10/4/2014,364,11670,3
10/5/2014,361,11677,3
10/6/2014,351,11680,5
10/7/2014,351,11684,6
10/8/2014,343,11692,6
10/9/2014,327,11697,7
10/10/2014,324,11708,6
10/11/2014,319,11716,5
10/12/2014,309,11721,7
10/13/2014,0,11729,5
10/14/2014,4,11733,5
10/15/2014,4,11737,8
10/16/2014,7,11744,7
10/17/2014,7,11751,6
10/18/2014,8,11759,5
10/19/2014,11,11770,3
10/20/2014,5,11775,2
10/21/2014,10,11785,4
10/22/2014,2,11787,8
10/23/2014,3,11790,10
10/24/2014,5,11795,9
10/25/2014,2,11797,8
10/26/2014,6,11803,7
10/27/2014,4,11807,8
10/28/2014,8,11815,6
10/29/2014,8,11823,8
10/30/2014,1,11824,10
10/31/2014,5,11829,5
11/1/2014,194,11838,6
11/2/2014,190,11845,6
11/3/2014,191,11850,7
11/4/2014,183,11853,7
11/5/2014,179,11856,9
11/6/2014,179,11859,12
11/7/2014,177,11861,11
11/8/2014,173,11865,11
11/9/2014,174,11871,11
11/10/2014,167,11875,10
11/11/2014,164,11880,10
11/12/2014,166,11887,11
11/13/2014,0,11891,9
11/14/2014,5,11896,12
11/15/2014,1,11897,10
11/16/2014,2,11899,11
11/17/2014,1,11900,11
11/18/2014,3,11903,11
11/19/2014,2,11905,10
11/20/2014,0,11905,11
11/21/2014,5,11910,12
11/22/2014,5,11915,13
11/23/2014,5,11920,12
11/24/2014,3,11923,10
11/25/2014,4,11927,11
11/26/2014,3,11930,14
11/27/2014,1,11931,13
11/28/2014,2,11933,11
11/29/2014,2,11935,11
11/30/2014,4,11939,15
12/1/2014,101,11939,16
12/2/2014,94,11939,16
12/3/2014,90,11940,16
12/4/2014,87,11940,19
12/5/2014,85,11941,18
12/6/2014,83,11942,16
12/7/2014,85,11946,15
12/8/2014,82,11947,19
12/9/2014,77,11948,18
12/10/2014,76,11951,17
12/11/2014,76,11956,15
12/12/2014,70,11957,17
12/13/2014,0,11957,15
12/14/2014,2,11959,16
12/15/2014,4,11963,17
12/16/2014,2,11965,18
12/17/2014,1,11966,15
12/18/2014,1,11967,16
12/19/2014,0,11967,12
12/20/2014,0,11967,13
12/21/2014,3,11970,15
12/22/2014,1,11971,17
12/23/2014,0,11971,13
12/24/2014,1,11972,13
12/25/2014,1,11973,13
12/26/2014,1,11974,16
12/27/2014,3,11977,15
12/28/2014,0,11977,20
12/29/2014,0,11977,22
12/30/2014,2,11979,20
12/31/2014,2,11981,18
1/1/2015,3,11984,19
1/2/2015,0,11987,19
1/3/2015,0,11993,17
1/4/2015,0,11998,16
1/5/2015,0,11998,16
1/6/2015,0,12001,21
1/7/2015,0,12003,18
1/8/2015,0,12006,16
1/9/2015,0,12006,19
1/10/2015,0,12007,15
1/11/2015,0,12008,15
1/12/2015,0,12011,16
1/13/2015,0,12011,17
1/14/2015,1,12012,14
1/15/2015,3,12015,18
1/16/2015,1,12016,17
1/17/2015,5,12021,15
1/18/2015,5,12026,18
1/19/2015,2,12028,19
1/20/2015,1,12029,17
1/21/2015,2,12031,18
1/22/2015,3,12034,20
1/23/2015,1,12035,21
1/24/2015,2,12037,21
1/25/2015,4,12041,21
1/26/2015,2,12043,20
1/27/2015,1,12044,17
1/28/2015,5,12049,16
1/29/2015,1,12050,20
1/30/2015,3,12053,20
1/31/2015,3,12056,21
2/1/2015,76,12060,19
2/2/2015,75,12062,20
2/3/2015,72,12065,21
2/4/2015,72,12070,20
2/5/2015,79,12077,20
2/6/2015,80,12081,21
2/7/2015,87,12090,21
2/8/2015,88,12094,20
2/9/2015,93,12099,17
2/10/2015,94,12101,18
2/11/2015,94,12102,16
2/12/2015,94,12105,15
2/13/2015,0,12113,15
2/14/2015,9,12122,15
2/15/2015,4,12126,13
2/16/2015,10,12136,13
2/17/2015,6,12142,17
2/18/2015,6,12148,16
2/19/2015,7,12155,17
2/20/2015,4,12159,19
2/21/2015,1,12160,17
2/22/2015,5,12165,16
2/23/2015,8,12173,15
2/24/2015,7,12180,18
2/25/2015,6,12186,17
2/26/2015,3,12189,16
2/27/2015,4,12193,15
2/28/2015,12,12205,14
3/1/2015,156,12216,15
3/2/2015,163,12225,14
3/3/2015,167,12232,15
3/4/2015,166,12236,10
3/5/2015,166,12243,13
3/6/2015,173,12254,23
3/7/2015,170,12260,13
3/8/2015,179,12273,13
3/9/2015,189,12288,11
3/10/2015,195,12296,10
3/11/2015,209,12311,10
3/12/2015,223,12328,11
3/13/2015,0,12344,15
3/14/2015,16,12360,13
3/15/2015,6,12366,14
3/16/2015,3,12369,14
3/17/2015,14,12383,15
3/18/2015,16,12399,11
3/19/2015,8,12407,13
3/20/2015,3,12410,13
3/21/2015,3,12413,8
3/22/2015,9,12422,15
3/23/2015,14,12436,14
3/24/2015,14,12450,13
3/25/2015,9,12459,14
3/26/2015,2,12461,15
3/27/2015,5,12466,14
3/28/2015,17,12483,13
3/29/2015,3,12486,12
3/30/2015,2,12488,14
3/31/2015,17,12505,10
4/1/2015,305,12521,14
4/2/2015,311,12536,14
4/3/2015,318,12550,13
4/4/2015,315,12551,13
4/5/2015,324,12567,13
4/6/2015,333,12587,13
4/7/2015,335,12595,13
4/8/2015,342,12615,11
4/9/2015,344,12632,10
4/10/2015,358,12654,8
4/11/2015,364,12675,6
4/12/2015,357,12685,9
4/13/2015,0,12709,9
4/14/2015,20,12729,7
4/15/2015,25,12754,6
4/16/2015,23,12777,4
4/17/2015,16,12793,6
4/18/2015,19,12812,7
4/19/2015,26,12838,8
4/20/2015,25,12863,8
4/21/2015,26,12889,6
4/22/2015,27,12916,6
4/23/2015,23,12939,7
4/24/2015,25,12964,6
4/25/2015,18,12982,5
4/26/2015,14,12996,6
4/27/2015,9,13005,8
4/28/2015,17,13022,8
4/29/2015,27,13049,9
4/30/2015,12,13061,9
5/1/2015,562,13083,10
5/2/2015,571,13107,8
5/3/2015,571,13121,7
5/4/2015,577,13128,5
5/5/2015,580,13147,4
5/6/2015,585,13172,3
5/7/2015,600,13195,7
5/8/2015,599,13214,6
5/9/2015,601,13233,3
5/10/2015,595,13249,5
5/11/2015,600,13275,3
5/12/2015,613,13298,1
5/13/2015,0,13324,1
5/14/2015,29,13353,4
5/15/2015,12,13365,5
5/16/2015,31,13396,6
5/17/2015,10,13406,7
5/18/2015,23,13429,5
5/19/2015,10,13439,7
5/20/2015,17,13456,8
5/21/2015,27,13483,8
5/22/2015,27,13510,8
5/23/2015,24,13534,4
5/24/2015,14,13548,4
5/25/2015,28,13576,3
5/26/2015,24,13600,3
5/27/2015,31,13631,4
5/28/2015,24,13655,3
5/29/2015,16,13671,4
5/30/2015,11,13682,6
5/31/2015,15,13697,4
6/1/2015,620,13703,6
6/2/2015,618,13725,5
6/3/2015,611,13732,7
6/4/2015,621,13749,5
6/5/2015,633,13780,2
6/6/2015,625,13797,1
6/7/2015,635,13830,1
6/8/2015,647,13861,1
6/9/2015,652,13885,2
6/10/2015,662,13911,4
6/11/2015,666,13941,2
6/12/2015,673,13971,1
6/13/2015,0,13991,1
6/14/2015,34,14025,1
6/15/2015,23,14048,1
6/16/2015,24,14072,1
6/17/2015,22,14094,1
6/18/2015,20,14114,2
6/19/2015,23,14137,1
6/20/2015,10,14147,4
6/21/2015,15,14162,5
6/22/2015,19,14181,2
6/23/2015,10,14191,4
6/24/2015,11,14202,3
6/25/2015,25,14227,6
6/26/2015,26,14253,1
6/27/2015,27,14280,1
6/28/2015,22,14302,1
6/29/2015,19,14321,1
6/30/2015,27,14348,0
7/1/2015,674,14377,0
7/2/2015,680,14405,0
7/3/2015,696,14428,0
7/4/2015,701,14450,0
7/5/2015,693,14473,0
7/6/2015,692,14489,0
7/7/2015,685,14515,0
7/8/2015,666,14527,0
7/9/2015,655,14540,1
7/10/2015,661,14572,1
7/11/2015,659,14600,2
7/12/2015,656,14627,1
7/13/2015,0,14637,1
7/14/2015,5,14642,2
7/15/2015,7,14649,2
7/16/2015,11,14660,1
7/17/2015,20,14680,1
7/18/2015,27,14707,1
7/19/2015,26,14733,1
7/20/2015,19,14752,1
7/21/2015,11,14763,1
7/22/2015,22,14785,1
7/23/2015,15,14800,1
7/24/2015,14,14814,1
7/25/2015,14,14828,1
7/26/2015,11,14839,1
7/27/2015,8,14847,3
7/28/2015,8,14855,3
7/29/2015,21,14876,3
7/30/2015,23,14899,4
7/31/2015,11,14910,5
8/1/2015,556,14933,4
8/2/2015,553,14958,2
8/3/2015,555,14983,1
8/4/2015,549,14999,1
8/5/2015,548,15021,1
8/6/2015,553,15042,0
8/7/2015,554,15069,0
8/8/2015,560,15087,0
8/9/2015,560,15100,0
8/10/2015,552,15124,0
8/11/2015,534,15134,0
8/12/2015,523,15150,0
8/13/2015,0,15170,0
8/14/2015,20,15190,0
8/15/2015,10,15200,0
8/16/2015,11,15211,1
8/17/2015,9,15220,1
8/18/2015,14,15234,2
8/19/2015,9,15243,4
8/20/2015,15,15258,3
8/21/2015,14,15272,2
8/22/2015,22,15294,1
8/23/2015,23,15317,1
8/24/2015,8,15325,1
8/25/2015,12,15337,2
8/26/2015,11,15348,3
8/27/2015,14,15362,1
8/28/2015,4,15366,4
8/29/2015,20,15386,5
8/30/2015,16,15402,1
8/31/2015,19,15421,1
9/1/2015,496,15429,1
9/2/2015,487,15445,1
9/3/2015,471,15454,2
9/4/2015,465,15464,5
9/5/2015,452,15473,4
9/6/2015,438,15480,6
9/7/2015,426,15495,6
9/8/2015,417,15504,4
9/9/2015,413,15513,3
9/10/2015,407,15531,4
9/11/2015,418,15552,3
9/12/2015,422,15572,4
9/13/2015,0,15577,5
9/14/2015,8,15585,4
9/15/2015,13,15598,4
9/16/2015,8,15606,7
9/17/2015,5,15611,4
9/18/2015,6,15617,5
9/19/2015,11,15628,5
9/20/2015,12,15640,6
9/21/2015,16,15656,6
9/22/2015,10,15666,6
9/23/2015,4,15670,5
9/24/2015,7,15677,6
9/25/2015,10,15687,7
9/26/2015,6,15693,7
9/27/2015,14,15707,7
9/28/2015,16,15723,7
9/29/2015,13,15736,6
9/30/2015,15,15751,7
10/1/2015,339,15768,7
10/2/2015,338,15783,7
10/3/2015,344,15798,7
10/4/2015,345,15809,6
10/5/2015,350,15823,8
10/6/2015,347,15827,7
10/7/2015,337,15832,5
10/8/2015,332,15836,5
10/9/2015,329,15842,6
10/10/2015,324,15855,7
10/11/2015,306,15858,9
10/12/2015,298,15870,10
10/13/2015,0,15883,11
10/14/2015,4,15887,13
10/15/2015,2,15889,15
10/16/2015,4,15893,12
10/17/2015,2,15895,13
10/18/2015,6,15901,11
10/19/2015,3,15904,10
10/20/2015,2,15906,9
10/21/2015,3,15909,9
10/22/2015,2,15911,10
10/23/2015,4,15915,7
10/24/2015,10,15925,8
10/25/2015,9,15934,8
10/26/2015,2,15936,8
10/27/2015,2,15938,9
10/28/2015,1,15939,9
10/29/2015,1,15940,7
10/30/2015,7,15947,8
10/31/2015,7,15954,8
11/1/2015,194,15962,9
11/2/2015,187,15970,9
11/3/2015,181,15979,12
11/4/2015,176,15985,9
11/5/2015,165,15988,12
11/6/2015,165,15992,3
11/7/2015,163,15995,3
11/8/2015,162,15998,6
11/9/2015,161,16003,6
11/10/2015,152,16007,7
11/11/2015,152,16010,8
11/12/2015,142,16012,7
11/13/2015,0,16016,8
11/14/2015,4,16020,9
11/15/2015,3,16023,12
11/16/2015,2,16025,9
11/17/2015,1,16026,9
11/18/2015,2,16028,9
11/19/2015,4,16032,8
11/20/2015,0,16032,9
11/21/2015,1,16033,11
11/22/2015,3,16036,14
11/23/2015,3,16039,14
11/24/2015,4,16043,17
11/25/2015,1,16044,19
11/26/2015,2,16046,15
11/27/2015,5,16051,12
11/28/2015,1,16052,17
11/29/2015,4,16056,15
11/30/2015,1,16057,11
12/1/2015,96,16058,12
12/2/2015,88,16058,13
12/3/2015,83,16062,10
12/4/2015,80,16065,10
12/5/2015,82,16070,13
12/6/2015,80,16072,15
12/7/2015,79,16074,12
12/8/2015,79,16077,10
12/9/2015,76,16079,13
12/10/2015,76,16083,12
12/11/2015,75,16085,13
12/12/2015,75,16087,14
12/13/2015,2,16089,15
12/14/2015,1,16090,14
12/15/2015,0,16090,13
12/16/2015,1,16091,12
12/17/2015,3,16094,12
12/18/2015,2,16096,9
12/19/2015,1,16097,10
12/20/2015,2,16099,11
12/21/2015,2,16101,11
12/22/2015,2,16103,10
12/23/2015,1,16104,10
12/24/2015,3,16107,10
12/25/2015,2,16109,11
12/26/2015,1,16110,13
12/27/2015,3,16113,10
12/28/2015,4,16117,11
12/29/2015,3,16120,12
12/30/2015,2,16122,13
12/31/2015,3,16125,13
1/1/2016,4,16129,12
1/2/2016,0,16131,13
1/3/2016,0,16133,15
1/4/2016,0,16135,14
1/5/2016,0,16136,13
1/6/2016,0,16137,14
1/7/2016,0,16139,13
1/8/2016,0,16144,16
1/9/2016,0,16146,16
1/10/2016,0,16148,15
1/11/2016,0,16149,14
1/12/2016,0,16152,16
1/13/2016,0,16154,15
1/14/2016,2,16156,18
1/15/2016,1,16157,19
1/16/2016,1,16158,17
1/17/2016,4,16162,18
1/18/2016,5,16167,19
1/19/2016,4,16171,22
1/20/2016,5,16176,22
1/21/2016,3,16179,20
1/22/2016,4,16183,20
1/23/2016,3,16186,18
1/24/2016,2,16188,16
1/25/2016,1,16189,15
1/26/2016,5,16194,11
1/27/2016,4,16198,11
1/28/2016,1,16199,14
1/29/2016,7,16206,11
1/30/2016,2,16208,18
1/31/2016,0,16208,14
2/1/2016,81,16210,16
2/2/2016,80,16211,12
2/3/2016,80,16213,12
2/4/2016,81,16216,18
2/5/2016,82,16218,12
2/6/2016,82,16219,14
2/7/2016,83,16222,13
2/8/2016,84,16228,12
2/9/2016,84,16230,16
2/10/2016,85,16233,16
2/11/2016,88,16237,18
2/12/2016,91,16243,17
2/13/2016,0,16253,17
2/14/2016,3,16256,18
2/15/2016,4,16260,18
2/16/2016,4,16264,18
2/17/2016,10,16274,21
2/18/2016,10,16284,19
2/19/2016,9,16293,17
2/20/2016,5,16298,17
2/21/2016,2,16300,14
2/22/2016,2,16302,16
2/23/2016,1,16303,14
2/24/2016,7,16310,18
2/25/2016,8,16318,11
2/26/2016,5,16323,18
2/27/2016,6,16329,17
2/28/2016,11,16340,18
2/29/2016,15,16355,17
3/1/2016,157,16367,16
3/2/2016,159,16370,19
3/3/2016,164,16377,17
3/4/2016,172,16388,16
3/5/2016,175,16393,18
3/6/2016,181,16400,16
3/7/2016,186,16408,18
3/8/2016,187,16415,17
3/9/2016,193,16423,17
3/10/2016,197,16430,15
3/11/2016,207,16444,13
3/12/2016,211,16454,16
3/13/2016,0,16469,15
3/14/2016,17,16486,16
3/15/2016,18,16504,15
3/16/2016,10,16514,16
3/17/2016,12,16526,17
3/18/2016,16,16542,13
3/19/2016,3,16545,15
3/20/2016,5,16550,13
3/21/2016,7,16557,12
3/22/2016,6,16563,13
3/23/2016,14,16577,13
3/24/2016,10,16587,11
3/25/2016,10,16597,13
3/26/2016,10,16607,14
3/27/2016,10,16617,15
3/28/2016,14,16631,12
3/29/2016,17,16648,13
3/30/2016,19,16667,11
3/31/2016,12,16679,11
4/1/2016,318,16685,12
4/2/2016,327,16697,10
4/3/2016,329,16706,8
4/4/2016,335,16723,6
4/5/2016,341,16734,6
4/6/2016,342,16742,10
4/7/2016,342,16750,10
4/8/2016,343,16758,12
4/9/2016,350,16773,12
4/10/2016,359,16789,10
4/11/2016,365,16809,9
4/12/2016,368,16822,8
4/13/2016,0,16834,7
4/14/2016,13,16847,8
4/15/2016,17,16864,8
4/16/2016,17,16881,7
4/17/2016,10,16891,9
4/18/2016,24,16915,11
4/19/2016,8,16923,10
4/20/2016,23,16946,8
4/21/2016,23,16969,9
4/22/2016,23,16992,8
4/23/2016,18,17010,9
4/24/2016,15,17025,8
4/25/2016,22,17047,13
4/26/2016,7,17054,13
4/27/2016,15,17069,17
4/28/2016,13,17082,13
4/29/2016,16,17098,13
4/30/2016,12,17110,13
5/1/2016,438,17123,11
5/2/2016,453,17150,9
5/3/2016,464,17170,9
5/4/2016,476,17199,8
5/5/2016,488,17222,7
5/6/2016,508,17250,6
5/7/2016,525,17275,2
5/8/2016,536,17294,1
5/9/2016,548,17321,1
5/10/2016,551,17340,1
5/11/2016,542,17351,1
5/12/2016,549,17371,1
5/13/2016,0,17392,1
5/14/2016,25,17417,1
5/15/2016,21,17438,6
5/16/2016,14,17452,7
5/17/2016,16,17468,8
5/18/2016,13,17481,6
5/19/2016,14,17495,4
5/20/2016,22,17517,4
5/21/2016,16,17533,4
5/22/2016,20,17553,1
5/23/2016,6,17559,4
5/24/2016,9,17568,5
5/25/2016,15,17583,6
5/26/2016,20,17603,6
5/27/2016,23,17626,3
5/28/2016,22,17648,2
5/29/2016,19,17667,1
5/30/2016,9,17676,1
5/31/2016,2,17678,3
6/1/2016,562,17685,3
6/2/2016,540,17690,4
6/3/2016,526,17696,5
6/4/2016,510,17709,4
6/5/2016,502,17724,3
6/6/2016,489,17739,1
6/7/2016,485,17760,1
6/8/2016,487,17781,1
6/9/2016,493,17814,1
6/10/2016,505,17845,1
6/11/2016,514,17865,1
6/12/2016,511,17882,1
6/13/2016,0,17895,1
6/14/2016,9,17904,1
6/15/2016,19,17923,1
6/16/2016,16,17939,2
6/17/2016,9,17948,3
6/18/2016,17,17965,3
6/19/2016,12,17977,3
6/20/2016,21,17998,2
6/21/2016,7,18005,6
6/22/2016,7,18012,1
6/23/2016,22,18034,1
6/24/2016,20,18054,2
6/25/2016,25,18079,1
6/26/2016,12,18091,1
6/27/2016,16,18107,2
6/28/2016,12,18119,3
6/29/2016,20,18139,3
6/30/2016,16,18155,2
7/1/2016,480,18165,1
7/2/2016,486,18176,3
7/3/2016,504,18200,4
7/4/2016,514,18223,2
7/5/2016,523,18247,2
7/6/2016,524,18263,1
7/7/2016,531,18291,2
7/8/2016,530,18311,1
7/9/2016,511,18325,1
7/10/2016,500,18345,1
7/11/2016,502,18367,1
7/12/2016,519,18401,1
7/13/2016,0,18410,1
7/14/2016,10,18420,1
7/15/2016,28,18448,2
7/16/2016,20,18468,2
7/17/2016,21,18489,2
7/18/2016,19,18508,1
7/19/2016,22,18530,0
7/20/2016,22,18552,0
7/21/2016,22,18574,2
7/22/2016,21,18595,0
7/23/2016,18,18613,0
7/24/2016,16,18629,0
7/25/2016,22,18651,0
7/26/2016,19,18670,0
7/27/2016,13,18683,0
7/28/2016,17,18700,0
7/29/2016,15,18715,0
7/30/2016,18,18733,0
7/31/2016,13,18746,0
8/1/2016,606,18771,0
8/2/2016,605,18781,1
8/3/2016,586,18786,2
8/4/2016,577,18800,2
8/5/2016,564,18811,2
8/6/2016,569,18832,1
8/7/2016,562,18853,2
8/8/2016,557,18868,1
8/9/2016,568,18893,1
8/10/2016,571,18916,1
8/11/2016,569,18936,2
8/12/2016,540,18941,5
8/13/2016,0,18963,2
8/14/2016,20,18983,1
8/15/2016,15,18998,1
8/16/2016,26,19024,1
8/17/2016,21,19045,1
8/18/2016,15,19060,1
8/19/2016,20,19080,1
8/20/2016,25,19105,1
8/21/2016,19,19124,1
8/22/2016,15,19139,1
8/23/2016,21,19160,1
8/24/2016,23,19183,0
8/25/2016,23,19206,0
8/26/2016,22,19228,0
8/27/2016,17,19245,0
8/28/2016,14,19259,0
8/29/2016,19,19278,0
8/30/2016,16,19294,0
8/31/2016,22,19316,0
9/1/2016,560,19331,0
9/2/2016,573,19354,0
9/3/2016,580,19366,0
9/4/2016,583,19383,0
9/5/2016,579,19390,0
9/6/2016,572,19404,2
9/7/2016,560,19413,1
9/8/2016,566,19434,1
9/9/2016,559,19452,1
9/10/2016,557,19473,1
9/11/2016,553,19489,1
9/12/2016,555,19496,1
9/13/2016,0,19510,1
9/14/2016,23,19533,1
9/15/2016,17,19550,1
9/16/2016,13,19563,1
9/17/2016,12,19575,1
9/18/2016,14,19589,1
9/19/2016,12,19601,1
9/20/2016,10,19611,1
9/21/2016,13,19624,3
9/22/2016,14,19638,3
9/23/2016,11,19649,3
9/24/2016,10,19659,3
9/25/2016,17,19676,3
9/26/2016,5,19681,3
9/27/2016,8,19689,6
9/28/2016,13,19702,5
9/29/2016,13,19715,3
9/30/2016,4,19719,5
10/1/2016,395,19726,5
10/2/2016,381,19735,4
10/3/2016,375,19741,5
10/4/2016,365,19748,7
10/5/2016,362,19752,7
10/6/2016,362,19766,8
10/7/2016,361,19774,9
10/8/2016,344,19778,8
10/9/2016,336,19788,8
10/10/2016,325,19798,9
10/11/2016,317,19806,8
10/12/2016,317,19813,9
10/13/2016,0,19815,10
10/14/2016,10,19825,10
10/15/2016,4,19829,10
10/16/2016,11,19840,8
10/17/2016,10,19850,6
10/18/2016,9,19859,7
10/19/2016,3,19862,9
10/20/2016,3,19865,10
10/21/2016,5,19870,9
10/22/2016,9,19879,11
10/23/2016,9,19888,11
10/24/2016,3,19891,12
10/25/2016,1,19892,11
10/26/2016,3,19895,9
10/27/2016,9,19904,10
10/28/2016,3,19907,8
10/29/2016,2,19909,8
10/30/2016,7,19916,7
10/31/2016,6,19922,9
11/1/2016,203,19929,8
11/2/2016,198,19933,9
11/3/2016,196,19937,10
11/4/2016,195,19943,11
11/5/2016,195,19947,11
11/6/2016,184,19950,13
11/7/2016,179,19953,13
11/8/2016,176,19954,13
11/9/2016,169,19957,14
11/10/2016,160,19958,15
11/11/2016,154,19960,14
11/12/2016,154,19967,16
11/13/2016,0,19970,15
11/14/2016,0,19970,14
11/15/2016,2,19972,14
11/16/2016,1,19973,12
11/17/2016,2,19975,10
11/18/2016,2,19977,10
11/19/2016,3,19980,14
11/20/2016,3,19983,14
11/21/2016,2,19985,12
11/22/2016,1,19986,10
11/23/2016,4,19990,10
11/24/2016,4,19994,10
11/25/2016,3,19997,11
11/26/2016,6,20003,14
11/27/2016,3,20006,14
11/28/2016,5,20011,13
11/29/2016,6,20017,17
11/30/2016,5,20022,18
12/1/2016,99,20028,19
12/2/2016,96,20029,15
12/3/2016,93,20030,15
12/4/2016,92,20035,16
12/5/2016,94,20041,17
12/6/2016,95,20045,19
12/7/2016,96,20049,17
12/8/2016,98,20052,14
12/9/2016,100,20057,14
12/10/2016,102,20060,12
12/11/2016,101,20061,13
12/12/2016,96,20063,13
12/13/2016,2,20065,14
12/14/2016,0,20065,12
12/15/2016,4,20069,13
12/16/2016,5,20074,13
12/17/2016,2,20076,13
12/18/2016,1,20077,14
12/19/2016,1,20078,13
12/20/2016,4,20082,14
12/21/2016,4,20086,15
12/22/2016,2,20088,16
12/23/2016,0,20088,14
12/24/2016,3,20091,15
12/25/2016,2,20093,15
12/26/2016,0,20093,12
12/27/2016,4,20097,13
12/28/2016,4,20101,14
12/29/2016,1,20102,15
12/30/2016,3,20105,18
12/31/2016,4,20109,20
1/1/2017,2,20111,20
1/2/2017,0,20112,20
1/3/2017,0,20115,18
1/4/2017,0,20117,18
1/5/2017,0,20119,17
1/6/2017,0,20125,18
1/7/2017,0,20129,19
1/8/2017,0,20130,21
1/9/2017,0,20131,17
1/10/2017,0,20132,15
1/11/2017,0,20133,13
1/12/2017,0,20135,15
1/13/2017,0,20137,17
1/14/2017,2,20139,21
1/15/2017,2,20141,18
1/16/2017,2,20143,18
1/17/2017,2,20145,18
1/18/2017,5,20150,20
1/19/2017,6,20156,20
1/20/2017,6,20162,21
1/21/2017,7,20169,20
1/22/2017,6,20175,20
1/23/2017,5,20180,20
1/24/2017,3,20183,19
1/25/2017,1,20184,18
1/26/2017,2,20186,19
1/27/2017,7,20193,21
1/28/2017,4,20197,18
1/29/2017,4,20201,15
1/30/2017,7,20208,15
1/31/2017,0,20208,15
2/1/2017,99,20210,18
2/2/2017,100,20212,13
2/3/2017,101,20216,13
2/4/2017,105,20222,13
2/5/2017,104,20223,14
2/6/2017,101,20226,12
2/7/2017,99,20228,14
2/8/2017,99,20229,14
2/9/2017,99,20230,16
2/10/2017,100,20232,18
2/11/2017,101,20234,19
2/12/2017,100,20235,19
2/13/2017,0,20238,19
2/14/2017,10,20248,16
2/15/2017,8,20256,15
2/16/2017,6,20262,13
2/17/2017,9,20271,12
2/18/2017,4,20275,13
2/19/2017,6,20281,12
2/20/2017,3,20284,14
2/21/2017,2,20286,13
2/22/2017,2,20288,11
2/23/2017,1,20289,13
2/24/2017,3,20292,14
2/25/2017,10,20302,15
2/26/2017,5,20307,14
2/27/2017,3,20310,14
2/28/2017,2,20312,14
3/1/2017,108,20318,15
3/2/2017,111,20323,15
3/3/2017,111,20327,15
3/4/2017,109,20331,13
3/5/2017,112,20335,12
3/6/2017,111,20337,13
3/7/2017,114,20342,15
3/8/2017,123,20352,13
3/9/2017,123,20353,14
3/10/2017,130,20362,11
3/11/2017,141,20375,13
3/12/2017,148,20383,10
3/13/2017,0,20399,11
3/14/2017,12,20411,11
3/15/2017,7,20418,11
3/16/2017,15,20433,9
3/17/2017,16,20449,9
3/18/2017,12,20461,11
3/19/2017,3,20464,11
3/20/2017,4,20468,10
3/21/2017,7,20475,11
3/22/2017,12,20487,11
3/23/2017,13,20500,11
3/24/2017,18,20518,12
3/25/2017,20,20538,11
3/26/2017,20,20558,10
3/27/2017,20,20578,9
3/28/2017,21,20599,9
3/29/2017,17,20616,8
3/30/2017,10,20626,7
3/31/2017,20,20646,5
4/1/2017,334,20652,6
4/2/2017,339,20662,6
4/3/2017,354,20681,8
4/4/2017,367,20698,8
4/5/2017,381,20716,9
4/6/2017,392,20729,8
4/7/2017,399,20741,9
4/8/2017,398,20750,9
4/9/2017,420,20773,9
4/10/2017,434,20796,6
4/11/2017,436,20811,8
4/12/2017,440,20823,10
4/13/2017,0,20835,10
4/14/2017,22,20857,10
4/15/2017,9,20866,10
4/16/2017,17,20883,10
4/17/2017,16,20899,11
4/18/2017,24,20923,11
4/19/2017,20,20943,10
4/20/2017,18,20961,13
4/21/2017,26,20987,10
4/22/2017,8,20995,10
4/23/2017,15,21010,10
4/24/2017,10,21020,9
4/25/2017,18,21038,10
4/26/2017,26,21064,11
4/27/2017,19,21083,11
4/28/2017,18,21101,11
4/29/2017,18,21119,11
4/30/2017,16,21135,10
5/1/2017,505,21157,7
5/2/2017,505,21167,7
5/3/2017,493,21174,9
5/4/2017,490,21188,7
5/5/2017,487,21203,8
5/6/2017,484,21213,8
5/7/2017,492,21233,6
5/8/2017,490,21240,8
5/9/2017,482,21255,8
5/10/2017,484,21280,7
5/11/2017,497,21308,7
5/12/2017,499,21322,5
5/13/2017,0,21341,2
5/14/2017,14,21355,3
5/15/2017,18,21373,4
5/16/2017,17,21390,4
5/17/2017,20,21410,1
5/18/2017,23,21433,1
5/19/2017,13,21446,1
5/20/2017,9,21455,3
5/21/2017,28,21483,4
5/22/2017,24,21507,3
5/23/2017,23,21530,1
5/24/2017,28,21558,1
5/25/2017,27,21585,1
5/26/2017,29,21614,1
5/27/2017,29,21643,1
5/28/2017,24,21667,1
5/29/2017,22,21689,1
5/30/2017,19,21708,0
5/31/2017,16,21724,1
6/1/2017,588,21745,1
6/2/2017,602,21769,1
6/3/2017,620,21794,1
6/4/2017,620,21808,1
6/5/2017,629,21832,1
6/6/2017,641,21854,1
6/7/2017,641,21874,2
6/8/2017,653,21893,3
6/9/2017,661,21916,1
6/10/2017,661,21941,2
6/11/2017,664,21972,1
6/12/2017,667,21989,1
6/13/2017,0,21998,1
6/14/2017,24,22022,1
6/15/2017,29,22051,0
6/16/2017,27,22078,1
6/17/2017,22,22100,1
6/18/2017,27,22127,1
6/19/2017,26,22153,0
6/20/2017,27,22180,0
6/21/2017,25,22205,0
6/22/2017,26,22231,0
6/23/2017,26,22257,0
6/24/2017,26,22283,0
6/25/2017,7,22290,0
6/26/2017,11,22301,0
6/27/2017,19,22320,0
6/28/2017,21,22341,0
6/29/2017,13,22354,0
6/30/2017,15,22369,0
7/1/2017,639,22384,0
7/2/2017,620,22389,3
7/3/2017,616,22410,2
7/4/2017,627,22435,2
7/5/2017,627,22459,1
7/6/2017,631,22485,1
7/7/2017,627,22501,0
7/8/2017,633,22526,0
7/9/2017,634,22550,1
7/10/2017,631,22572,1
7/11/2017,614,22586,1
7/12/2017,609,22598,1
7/13/2017,0,22616,0
7/14/2017,24,22640,1
7/15/2017,14,22654,1
7/16/2017,12,22666,1
7/17/2017,14,22680,1
7/18/2017,20,22700,2
7/19/2017,27,22727,1
7/20/2017,18,22745,1
7/21/2017,19,22764,0
7/22/2017,25,22789,1
7/23/2017,12,22801,1
7/24/2017,16,22817,1
7/25/2017,19,22836,1
7/26/2017,14,22850,3
7/27/2017,19,22869,1
7/28/2017,21,22890,1
7/29/2017,10,22900,1
7/30/2017,10,22910,1
7/31/2017,21,22931,0
8/1/2017,570,22954,0
8/2/2017,582,22971,0
8/3/2017,570,22980,0
8/4/2017,569,23004,0
8/5/2017,562,23021,0
8/6/2017,550,23035,0
8/7/2017,554,23055,1
8/8/2017,554,23080,1
8/9/2017,533,23083,2
8/10/2017,531,23103,2
8/11/2017,522,23108,2
8/12/2017,527,23125,2
8/13/2017,0,23134,2
8/14/2017,14,23148,1
8/15/2017,21,23169,1
8/16/2017,12,23181,1
8/17/2017,17,23198,1
8/18/2017,7,23205,1
8/19/2017,13,23218,2
8/20/2017,13,23231,3
8/21/2017,14,23245,3
8/22/2017,10,23255,2
8/23/2017,19,23274,1
8/24/2017,14,23288,1
8/25/2017,17,23305,1
8/26/2017,15,23320,1
8/27/2017,15,23335,1
8/28/2017,18,23353,1
8/29/2017,19,23372,0
8/30/2017,19,23391,0
8/31/2017,7,23398,0
9/1/2017,457,23411,0
9/2/2017,451,23422,3
9/3/2017,458,23438,4
9/4/2017,448,23452,3
9/5/2017,438,23459,3
9/6/2017,431,23466,2
9/7/2017,419,23474,3
9/8/2017,405,23485,3
9/9/2017,405,23488,4
9/10/2017,398,23501,4
9/11/2017,404,23512,6
9/12/2017,397,23522,5
9/13/2017,0,23541,6
9/14/2017,16,23557,5
9/15/2017,5,23562,7
9/16/2017,15,23577,7
9/17/2017,8,23585,9
9/18/2017,12,23597,7
9/19/2017,9,23606,7
9/20/2017,11,23617,7
9/21/2017,14,23631,5
9/22/2017,15,23646,5
9/23/2017,11,23657,6
9/24/2017,17,23674,7
9/25/2017,17,23691,5
9/26/2017,14,23705,6
9/27/2017,15,23720,5
9/28/2017,8,23728,5
9/29/2017,7,23735,3
9/30/2017,9,23744,3
10/1/2017,340,23751,4
10/2/2017,334,23756,6
10/3/2017,327,23765,5
10/4/2017,328,23780,6
10/5/2017,328,23787,7
10/6/2017,331,23797,7
10/7/2017,334,23808,8
10/8/2017,325,23810,9
10/9/2017,327,23815,8
10/10/2017,319,23820,7
10/11/2017,313,23825,6
10/12/2017,307,23829,6
10/13/2017,0,23841,6
10/14/2017,6,23847,5
10/15/2017,9,23856,5
10/16/2017,10,23866,2
10/17/2017,9,23875,3
10/18/2017,6,23881,4
10/19/2017,6,23887,2
10/20/2017,7,23894,8
10/21/2017,4,23898,3
10/22/2017,8,23906,10
10/23/2017,3,23909,10
10/24/2017,5,23914,8
10/25/2017,1,23915,6
10/26/2017,2,23917,6
10/27/2017,3,23920,5
10/28/2017,8,23928,8
10/29/2017,3,23931,9
10/30/2017,6,23937,9
10/31/2017,6,23943,10
11/1/2017,195,23946,10
11/2/2017,195,23951,11
11/3/2017,192,23957,9
11/4/2017,183,23963,9
11/5/2017,177,23964,11
11/6/2017,173,23970,11
11/7/2017,168,23976,12
11/8/2017,172,23982,14
11/9/2017,168,23983,14
11/10/2017,168,23988,12
11/11/2017,165,23990,12
11/12/2017,163,23992,13
11/13/2017,0,23995,15
11/14/2017,6,24001,13
11/15/2017,2,24003,13
11/16/2017,1,24004,13
11/17/2017,2,24006,12
11/18/2017,2,24008,12
11/19/2017,2,24010,15
11/20/2017,4,24014,13
11/21/2017,0,24014,15
11/22/2017,1,24015,12
11/23/2017,0,24015,10
11/24/2017,8,24023,11
11/25/2017,3,24026,12
11/26/2017,3,24029,14
11/27/2017,7,24036,17
11/28/2017,0,24036,14
11/29/2017,2,24038,17
11/30/2017,2,24040,17
12/1/2017,95,24041,17
12/2/2017,91,24042,18
12/3/2017,86,24043,20
12/4/2017,81,24044,18
12/5/2017,82,24046,16
12/6/2017,77,24047,16
12/7/2017,72,24048,15
12/8/2017,66,24048,16
12/9/2017,68,24051,18
12/10/2017,65,24053,20
12/11/2017,63,24053,19
12/12/2017,61,24053,20
12/13/2017,1,24054,21
12/14/2017,0,24054,18
12/15/2017,3,24057,20
12/16/2017,1,24058,18
12/17/2017,2,24060,19
12/18/2017,2,24062,16
12/19/2017,2,24064,16
12/20/2017,1,24065,16
12/21/2017,1,24066,13
12/22/2017,0,24066,13
12/23/2017,1,24067,12
12/24/2017,0,24067,12
12/25/2017,1,24068,13
12/26/2017,1,24069,15
12/27/2017,1,24070,16
12/28/2017,2,24072,17
12/29/2017,3,24075,18
12/30/2017,0,24075,20
12/31/2017,1,24076,14
1/1/2018,1,24077,12
1/2/2018,0,24078,15
1/3/2018,0,24080,16
1/4/2018,0,24081,14
1/5/2018,0,24081,15
1/6/2018,0,24083,14
1/7/2018,0,24084,15
1/8/2018,0,24088,18
1/9/2018,0,24089,18
1/10/2018,0,24090,16
1/11/2018,0,24091,16
1/12/2018,0,24093,12
1/13/2018,0,24094,14
1/14/2018,2,24096,15
1/15/2018,2,24098,16
1/16/2018,1,24099,18
1/17/2018,4,24103,17
1/18/2018,1,24104,19
1/19/2018,3,24107,16
1/20/2018,5,24112,18
1/21/2018,0,24112,17
1/22/2018,3,24115,17
1/23/2018,4,24119,15
1/24/2018,2,24121,14
1/25/2018,3,24124,12
1/26/2018,2,24126,13
1/27/2018,2,24128,13
1/28/2018,2,24130,14
1/29/2018,2,24132,14
1/30/2018,2,24134,13
1/31/2018,6,24140,15
2/1/2018,64,24141,15
2/2/2018,67,24145,17
2/3/2018,69,24149,18
2/4/2018,69,24150,17
2/5/2018,74,24155,18
2/6/2018,80,24163,21
2/7/2018,86,24170,20
2/8/2018,90,24178,22
2/9/2018,97,24186,19
2/10/2018,99,24189,20
2/11/2018,108,24199,19
2/12/2018,110,24203,18
2/13/2018,0,24209,18
2/14/2018,9,24218,19
2/15/2018,7,24225,19
2/16/2018,4,24229,16
2/17/2018,7,24236,17
2/18/2018,11,24247,18
2/19/2018,8,24255,18
2/20/2018,4,24259,18
2/21/2018,4,24263,17
2/22/2018,11,24274,19
2/23/2018,11,24285,19
2/24/2018,12,24297,21
2/25/2018,9,24306,22
2/26/2018,12,24318,21
2/27/2018,8,24326,24
2/28/2018,8,24334,24
3/1/2018,206,24347,26
3/2/2018,213,24358,23
3/3/2018,211,24360,26
3/4/2018,220,24370,21
3/5/2018,219,24374,17
3/6/2018,217,24380,14
3/7/2018,219,24389,15
3/8/2018,215,24393,15
3/9/2018,216,24402,17
3/10/2018,219,24408,14
3/11/2018,213,24412,11
3/12/2018,218,24421,10
3/13/2018,0,24428,12
3/14/2018,2,24430,14
3/15/2018,12,24442,14
3/16/2018,3,24445,13
3/17/2018,4,24449,15
3/18/2018,2,24451,22
3/19/2018,10,24461,21
3/20/2018,19,24480,20
3/21/2018,22,24502,19
3/22/2018,10,24512,13
3/23/2018,11,24523,14
3/24/2018,11,24534,14
3/25/2018,10,24544,15
3/26/2018,13,24557,16
3/27/2018,15,24572,13
3/28/2018,4,24576,13
3/29/2018,3,24579,15
3/30/2018,17,24596,14
3/31/2018,8,24604,12
4/1/2018,267,24614,12
4/2/2018,263,24621,14
4/3/2018,270,24630,12
4/4/2018,271,24641,10
4/5/2018,278,24652,10
4/6/2018,284,24664,13
4/7/2018,294,24683,12
4/8/2018,309,24702,7
4/9/2018,320,24722,4
4/10/2018,322,24730,6
4/11/2018,330,24742,5
4/12/2018,327,24748,7
4/13/2018,0,24753,9
4/14/2018,10,24763,8
4/15/2018,15,24778,8
4/16/2018,12,24790,5
4/17/2018,19,24809,7
4/18/2018,25,24834,6
4/19/2018,23,24857,4
4/20/2018,25,24882,2
4/21/2018,23,24905,1
4/22/2018,23,24928,1
4/23/2018,20,24948,3
4/24/2018,15,24963,5
4/25/2018,14,24977,5
4/26/2018,16,24993,6
4/27/2018,24,25017,8
4/28/2018,13,25030,7
4/29/2018,10,25040,7
4/30/2018,3,25043,8
5/1/2018,437,25051,10
5/2/2018,454,25075,10
5/3/2018,468,25098,9
5/4/2018,482,25123,6
5/5/2018,499,25151,6
5/6/2018,515,25179,3
5/7/2018,523,25206,1
5/8/2018,530,25232,2
5/9/2018,537,25259,1
5/10/2018,554,25284,1
5/11/2018,555,25297,2
5/12/2018,568,25316,3
5/13/2018,0,25335,3
5/14/2018,2,25337,5
5/15/2018,25,25362,4
5/16/2018,24,25386,2
5/17/2018,17,25403,2
5/18/2018,29,25432,4
5/19/2018,30,25462,5
5/20/2018,12,25474,7
5/21/2018,26,25500,3
5/22/2018,21,25521,1
5/23/2018,15,25536,1
5/24/2018,20,25556,2
5/25/2018,16,25572,0
5/26/2018,18,25590,0
5/27/2018,20,25610,0
5/28/2018,21,25631,0
5/29/2018,26,25657,0
5/30/2018,13,25670,0
5/31/2018,25,25695,0
6/1/2018,665,25716,0
6/2/2018,646,25721,0
6/3/2018,633,25731,0
6/4/2018,627,25750,0
6/5/2018,623,25774,0
6/6/2018,610,25789,0
6/7/2018,609,25815,0
6/8/2018,596,25828,0
6/9/2018,586,25845,0
6/10/2018,582,25866,0
6/11/2018,587,25884,0
6/12/2018,587,25903,0
6/13/2018,0,25916,1
6/14/2018,16,25932,2
6/15/2018,10,25942,2
6/16/2018,21,25963,1
6/17/2018,21,25984,1
6/18/2018,9,25993,2
6/19/2018,13,26006,1
6/20/2018,7,26013,2
6/21/2018,31,26044,1
6/22/2018,18,26062,1
6/23/2018,10,26072,4
6/24/2018,24,26096,2
6/25/2018,24,26120,1
6/26/2018,27,26147,2
6/27/2018,30,26177,1
6/28/2018,26,26203,1
6/29/2018,26,26229,1
6/30/2018,29,26258,0
7/1/2018,569,26285,1
7/2/2018,594,26315,0
7/3/2018,614,26345,0
7/4/2018,615,26365,0
7/5/2018,617,26391,0
7/6/2018,633,26422,0
7/7/2018,627,26442,0
7/8/2018,636,26464,0
7/9/2018,647,26492,0
7/10/2018,640,26506,0
7/11/2018,627,26511,0
7/12/2018,622,26525,0
7/13/2018,0,26555,0
7/14/2018,25,26580,0
7/15/2018,28,26608,0
7/16/2018,26,26634,0
7/17/2018,17,26651,0
7/18/2018,24,26675,0
7/19/2018,20,26695,0
7/20/2018,20,26715,0
7/21/2018,12,26727,0
7/22/2018,26,26753,0
7/23/2018,22,26775,0
7/24/2018,21,26796,0
7/25/2018,20,26816,0
7/26/2018,25,26841,0
7/27/2018,20,26861,0
7/28/2018,18,26879,0
7/29/2018,27,26906,0
7/30/2018,14,26920,0
7/31/2018,20,26940,0
8/1/2018,678,26963,0
8/2/2018,673,26988,0
8/3/2018,669,27014,0
8/4/2018,673,27038,0
8/5/2018,669,27060,0
8/6/2018,665,27087,0
8/7/2018,670,27112,0
8/8/2018,666,27130,0
8/9/2018,656,27148,0
8/10/2018,649,27155,0
8/11/2018,661,27172,0
8/12/2018,669,27194,0
8/13/2018,0,27212,0
8/14/2018,14,27226,0
8/15/2018,10,27236,0
8/16/2018,10,27246,0
8/17/2018,23,27269,0
8/18/2018,23,27292,0
8/19/2018,9,27301,1
8/20/2018,21,27322,1
8/21/2018,7,27329,1
8/22/2018,16,27345,1
8/23/2018,23,27368,0
8/24/2018,11,27379,1
8/25/2018,14,27393,1
8/26/2018,19,27412,2
8/27/2018,8,27420,3
8/28/2018,9,27429,3
8/29/2018,16,27445,1
8/30/2018,5,27450,3
8/31/2018,20,27470,3
9/1/2018,517,27480,3
9/2/2018,517,27505,3
9/3/2018,512,27526,2
9/4/2018,493,27531,2
9/5/2018,483,27543,0
9/6/2018,469,27556,1
9/7/2018,458,27570,1
9/8/2018,461,27591,2
9/9/2018,453,27601,3
9/10/2018,466,27621,2
9/11/2018,460,27632,1
9/12/2018,459,27653,1
9/13/2018,0,27663,1
9/14/2018,9,27672,4
9/15/2018,9,27681,4
9/16/2018,10,27691,4
9/17/2018,14,27705,3
9/18/2018,18,27723,3
9/19/2018,18,27741,1
9/20/2018,13,27754,1
9/21/2018,17,27771,1
9/22/2018,17,27788,2
9/23/2018,5,27793,4
9/24/2018,4,27797,7
9/25/2018,15,27812,8
9/26/2018,14,27826,8
9/27/2018,17,27843,7
9/28/2018,16,27859,7
9/29/2018,12,27871,6
9/30/2018,15,27886,7
10/1/2018,415,27895,8
10/2/2018,400,27905,8
10/3/2018,385,27911,9
10/4/2018,395,27926,6
10/5/2018,395,27938,5
10/6/2018,395,27951,6
10/7/2018,393,27963,4
10/8/2018,384,27975,6
10/9/2018,385,27986,7
10/10/2018,377,27998,7
10/11/2018,378,28010,6
10/12/2018,368,28021,3
10/13/2018,0,28030,2
10/14/2018,10,28040,2
10/15/2018,9,28049,2
10/16/2018,11,28060,3
10/17/2018,11,28071,3
10/18/2018,6,28077,5
10/19/2018,4,28081,5
10/20/2018,5,28086,5
10/21/2018,9,28095,8
10/22/2018,6,28101,7
10/23/2018,8,28109,7
10/24/2018,6,28115,8
10/25/2018,2,28117,6
10/26/2018,3,28120,7
10/27/2018,2,28122,9
10/28/2018,8,28130,11
10/29/2018,7,28137,13
10/30/2018,2,28139,14
10/31/2018,1,28140,15
11/1/2018,251,28146,12
11/2/2018,243,28148,10
11/3/2018,246,28157,12
11/4/2018,238,28164,12
11/5/2018,233,28171,13
11/6/2018,225,28176,11
11/7/2018,218,28181,9
11/8/2018,208,28183,9
11/9/2018,205,28191,10
11/10/2018,198,28196,10
11/11/2018,187,28197,10
11/12/2018,178,28199,9
11/13/2018,0,28201,10
11/14/2018,6,28207,10
11/15/2018,5,28212,10
11/16/2018,6,28218,11
11/17/2018,1,28219,12
11/18/2018,6,28225,15
11/19/2018,7,28232,15
11/20/2018,2,28234,16
11/21/2018,1,28235,17
11/22/2018,4,28239,14
11/23/2018,5,28244,15
11/24/2018,5,28249,15
11/25/2018,2,28251,15
11/26/2018,0,28251,15
11/27/2018,1,28252,14
11/28/2018,3,28255,15
11/29/2018,1,28256,13
11/30/2018,2,28258,11
12/1/2018,116,28262,11
12/2/2018,115,28263,12
12/3/2018,108,28265,8
12/4/2018,102,28266,11
12/5/2018,97,28268,12
12/6/2018,93,28269,12
12/7/2018,88,28269,10
12/8/2018,87,28270,12
12/9/2018,80,28271,13
12/10/2018,77,28273,13
12/11/2018,79,28276,14
12/12/2018,80,28279,15
12/13/2018,5,28284,16
12/14/2018,4,28288,19
12/15/2018,1,28289,19
12/16/2018,3,28292,17
12/17/2018,0,28292,18
12/18/2018,5,28297,16
12/19/2018,2,28299,13
12/20/2018,2,28301,13
12/21/2018,1,28302,13
12/22/2018,1,28303,13
12/23/2018,3,28306,12
12/24/2018,0,28306,12
12/25/2018,3,28309,10
12/26/2018,4,28313,15
12/27/2018,4,28317,19
12/28/2018,2,28319,16
12/29/2018,1,28320,18
12/30/2018,1,28321,15
12/31/2018,1,28322,13
1/1/2019,1,28323,12
1/2/2019,0,28324,13
1/3/2019,0,28325,15
1/4/2019,0,28328,13
1/5/2019,0,28329,17
1/6/2019,0,28329,15
1/7/2019,0,28329,14
1/8/2019,0,28330,14
1/9/2019,0,28331,16
1/10/2019,0,28335,16
1/11/2019,0,28337,17
1/12/2019,0,28339,15
1/13/2019,0,28339,13
1/14/2019,2,28341,13
1/15/2019,2,28343,14
1/16/2019,2,28345,15
1/17/2019,1,28346,16
1/18/2019,2,28348,17
1/19/2019,4,28352,20
1/20/2019,6,28358,18
1/21/2019,5,28363,20
1/22/2019,6,28369,21
1/23/2019,1,28370,22
1/24/2019,2,28372,22
1/25/2019,2,28374,18
1/26/2019,1,28375,20
1/27/2019,2,28377,16
1/28/2019,1,28378,15
1/29/2019,3,28381,18
1/30/2019,5,28386,19
1/31/2019,2,28388,21
2/1/2019,66,28389,20
2/2/2019,67,28391,18
2/3/2019,68,28393,17
2/4/2019,68,28396,17
2/5/2019,69,28398,20
2/6/2019,71,28400,18
2/7/2019,73,28402,15
2/8/2019,77,28407,14
2/9/2019,77,28408,15
2/10/2019,77,28412,15
2/11/2019,77,28414,14
2/12/2019,79,28418,16
2/13/2019,0,28427,15
2/14/2019,8,28435,18
2/15/2019,9,28444,14
2/16/2019,9,28453,14
2/17/2019,9,28462,13
2/18/2019,9,28471,14
2/19/2019,9,28480,12
2/20/2019,9,28489,13
2/21/2019,11,28500,13
2/22/2019,6,28506,12
2/23/2019,4,28510,10
2/24/2019,11,28521,12
2/25/2019,8,28529,11
2/26/2019,11,28540,10
2/27/2019,11,28551,11
2/28/2019,11,28562,10
3/1/2019,176,28565,12
3/2/2019,177,28568,12
3/3/2019,177,28570,12
3/4/2019,176,28572,12
3/5/2019,181,28579,13
3/6/2019,188,28588,13
3/7/2019,192,28594,13
3/8/2019,193,28600,13
3/9/2019,200,28608,12
3/10/2019,201,28613,12
3/11/2019,206,28620,13
3/12/2019,212,28630,15
3/13/2019,0,28635,14
3/14/2019,7,28642,15
3/15/2019,7,28649,15
3/16/2019,2,28651,12
3/17/2019,4,28655,12
3/18/2019,13,28668,14
3/19/2019,14,28682,14
3/20/2019,6,28688,11
3/21/2019,10,28698,11
3/22/2019,19,28717,9
3/23/2019,19,28736,10
3/24/2019,3,28739,10
3/25/2019,21,28760,10
3/26/2019,10,28770,12
3/27/2019,12,28782,11
3/28/2019,7,28789,11
3/29/2019,7,28796,9
3/30/2019,21,28817,9
3/31/2019,18,28835,7
4/1/2019,285,28850,8
4/2/2019,303,28871,10
4/3/2019,311,28881,11
4/4/2019,324,28896,10
4/5/2019,327,28906,13
4/6/2019,332,28920,12
4/7/2019,339,28933,9
4/8/2019,348,28948,7
4/9/2019,352,28960,7
4/10/2019,367,28980,10
4/11/2019,380,29000,10
4/12/2019,389,29019,8
4/13/2019,0,29031,13
4/14/2019,16,29047,13
4/15/2019,14,29061,13
4/16/2019,23,29084,10
4/17/2019,14,29098,8
4/18/2019,10,29108,6
4/19/2019,24,29132,5
4/20/2019,23,29155,3
4/21/2019,24,29179,2
4/22/2019,24,29203,1
4/23/2019,20,29223,1
4/24/2019,17,29240,4
4/25/2019,21,29261,2
4/26/2019,8,29269,6
4/27/2019,21,29290,7
4/28/2019,15,29305,7
4/29/2019,8,29313,10
4/30/2019,17,29330,8
5/1/2019,490,29340,7
5/2/2019,491,29362,6
5/3/2019,491,29372,8
5/4/2019,487,29383,9
5/5/2019,500,29406,12
5/6/2019,506,29426,9
5/7/2019,503,29436,12
5/8/2019,505,29453,9
5/9/2019,502,29462,9
5/10/2019,495,29475,8
5/11/2019,489,29489,8
5/12/2019,494,29513,7
5/13/2019,0,29536,7
5/14/2019,29,29565,6
5/15/2019,29,29594,6
5/16/2019,30,29624,6
5/17/2019,25,29649,3
5/18/2019,8,29657,6
5/19/2019,17,29674,5
5/20/2019,19,29693,3
5/21/2019,4,29697,7
5/22/2019,19,29716,5
5/23/2019,24,29740,4
5/24/2019,23,29763,2
5/25/2019,31,29794,1
5/26/2019,19,29813,4
5/27/2019,20,29833,2
5/28/2019,15,29848,4
5/29/2019,14,29862,4
5/30/2019,20,29882,4
5/31/2019,15,29897,2
6/1/2019,574,29914,2
6/2/2019,579,29941,1
6/3/2019,595,29967,1
6/4/2019,596,29979,1
6/5/2019,589,29995,0
6/6/2019,577,30003,2
6/7/2019,585,30021,3
6/8/2019,583,30036,3
6/9/2019,596,30058,4
6/10/2019,593,30068,4
6/11/2019,594,30083,2
6/12/2019,588,30101,3
6/13/2019,0,30116,3
6/14/2019,20,30136,3
6/15/2019,25,30161,3
6/16/2019,20,30181,1
6/17/2019,20,30201,3
6/18/2019,26,30227,0
6/19/2019,25,30252,1
6/20/2019,16,30268,1
6/21/2019,18,30286,1
6/22/2019,28,30314,0
6/23/2019,25,30339,1
6/24/2019,20,30359,0
6/25/2019,22,30381,0
6/26/2019,24,30405,0
6/27/2019,28,30433,0
6/28/2019,30,30463,0
6/29/2019,29,30492,0
6/30/2019,29,30521,0
7/1/2019,634,30548,0
7/2/2019,634,30575,0
7/3/2019,629,30596,0
7/4/2019,641,30620,0
7/5/2019,651,30646,0
7/6/2019,667,30670,0
7/7/2019,666,30687,0
7/8/2019,673,30709,0
7/9/2019,666,30724,2
7/10/2019,673,30741,2
7/11/2019,670,30753,1
7/12/2019,675,30776,1
7/13/2019,0,30796,0
7/14/2019,12,30808,1
7/15/2019,13,30821,1
7/16/2019,9,30830,2
7/17/2019,20,30850,1
7/18/2019,20,30870,1
7/19/2019,10,30880,0
7/20/2019,17,30897,0
7/21/2019,21,30918,0
7/22/2019,22,30940,0
7/23/2019,26,30966,0
7/24/2019,27,30993,0
7/25/2019,24,31017,0
7/26/2019,23,31040,0
7/27/2019,21,31061,0
7/28/2019,3,31064,0
7/29/2019,14,31078,0
7/30/2019,15,31093,0
7/31/2019,21,31114,0
8/1/2019,581,31129,0
8/2/2019,569,31144,0
8/3/2019,570,31166,0
8/4/2019,553,31173,0
8/5/2019,544,31190,0
8/6/2019,537,31207,0
8/7/2019,537,31224,0
8/8/2019,536,31245,0
8/9/2019,542,31266,0
8/10/2019,536,31277,0
8/11/2019,545,31298,0
8/12/2019,535,31311,0
8/13/2019,0,31322,1
8/14/2019,14,31336,3
8/15/2019,12,31348,3
8/16/2019,13,31361,2
8/17/2019,14,31375,1
8/18/2019,5,31380,1
8/19/2019,15,31395,1
8/20/2019,15,31410,1
8/21/2019,22,31432,2
8/22/2019,22,31454,2
8/23/2019,24,31478,2
8/24/2019,22,31500,1
8/25/2019,22,31522,2
8/26/2019,20,31542,1
8/27/2019,19,31561,1
8/28/2019,19,31580,0
8/29/2019,16,31596,1
8/30/2019,20,31616,0
8/31/2019,22,31638,1
9/1/2019,524,31653,1
9/2/2019,526,31670,2
9/3/2019,521,31687,2
9/4/2019,522,31695,2
9/5/2019,514,31704,2
9/6/2019,505,31712,4
9/7/2019,505,31729,4
9/8/2019,494,31739,5
9/9/2019,493,31759,4
9/10/2019,498,31775,5
9/11/2019,492,31790,4
9/12/2019,483,31794,5
9/13/2019,0,31809,1
9/14/2019,12,31821,2
9/15/2019,11,31832,3
9/16/2019,8,31840,2
9/17/2019,25,31865,2
9/18/2019,14,31879,4
9/19/2019,9,31888,5
9/20/2019,12,31900,5
9/21/2019,16,31916,6
9/22/2019,17,31933,4
9/23/2019,9,31942,2
9/24/2019,13,31955,2
9/25/2019,3,31958,4
9/26/2019,5,31963,4
9/27/2019,3,31966,4
9/28/2019,10,31976,6
9/29/2019,8,31984,4
9/30/2019,6,31990,5
10/1/2019,344,31997,5
10/2/2019,332,32002,5
10/3/2019,324,32011,7
10/4/2019,320,32015,7
10/5/2019,314,32018,8
10/6/2019,313,32025,8
10/7/2019,299,32028,8
10/8/2019,292,32031,8
10/9/2019,278,32037,8
10/10/2019,268,32043,8
10/11/2019,263,32053,8
10/12/2019,261,32055,7
10/13/2019,0,32060,6
10/14/2019,7,32067,3
10/15/2019,8,32075,4
10/16/2019,5,32080,4
10/17/2019,7,32087,7
10/18/2019,7,32094,6
10/19/2019,0,32094,6
10/20/2019,5,32099,9
10/21/2019,2,32101,7
10/22/2019,2,32103,8
10/23/2019,8,32111,7
10/24/2019,7,32118,6
10/25/2019,8,32126,5
10/26/2019,5,32131,7
10/27/2019,7,32138,5
10/28/2019,7,32145,8
10/29/2019,4,32149,9
10/30/2019,6,32155,11
10/31/2019,5,32160,11
11/1/2019,173,32170,16
11/2/2019,170,32172,11
11/3/2019,165,32176,9
11/4/2019,163,32178,8
11/5/2019,166,32184,10
11/6/2019,164,32189,10
11/7/2019,165,32193,10
11/8/2019,165,32196,12
11/9/2019,166,32203,13
11/10/2019,165,32208,14
11/11/2019,162,32215,13
11/12/2019,161,32216,15
11/13/2019,0,32223,14
11/14/2019,3,32226,15
11/15/2019,3,32229,14
11/16/2019,2,32231,15
11/17/2019,4,32235,14
11/18/2019,3,32238,14
11/19/2019,0,32238,15
11/20/2019,6,32244,16
11/21/2019,5,32249,16
11/22/2019,3,32252,17
11/23/2019,4,32256,16
11/24/2019,2,32258,14
11/25/2019,4,32262,13
11/26/2019,4,32266,12
11/27/2019,1,32267,12
11/28/2019,1,32268,11
11/29/2019,1,32269,12
11/30/2019,5,32274,13
12/1/2019,109,32279,14
12/2/2019,109,32281,16
12/3/2019,108,32284,17
12/4/2019,110,32288,16
12/5/2019,109,32293,17
12/6/2019,107,32296,18
12/7/2019,103,32296,18
12/8/2019,101,32297,13
12/9/2019,98,32301,13
12/10/2019,94,32302,14
12/11/2019,89,32304,15
12/12/2019,90,32306,16
12/13/2019,2,32308,15
12/14/2019,0,32308,16
12/15/2019,2,32310,16
12/16/2019,2,32312,14
12/17/2019,1,32313,13
12/18/2019,3,32316,12
12/19/2019,3,32319,13
12/20/2019,2,32321,11
12/21/2019,0,32321,12
12/22/2019,1,32322,12
12/23/2019,1,32323,12
12/24/2019,1,32324,14
12/25/2019,2,32326,13
12/26/2019,1,32327,12
12/27/2019,2,32329,14
12/28/2019,1,32330,13
12/29/2019,3,32333,15
12/30/2019,3,32336,16
12/31/2019,4,32340,16
1/1/2020,2,32342,16
1/2/2020,0,32343,16
1/3/2020,0,32344,14
1/4/2020,0,32345,14
1/5/2020,0,32346,15
1/6/2020,0,32347,12
1/7/2020,0,32352,14
1/8/2020,0,32354,14
1/9/2020,0,32355,11
1/10/2020,0,32355,11
1/11/2020,0,32359,12
1/12/2020,0,32363,14
1/13/2020,0,32364,13
1/14/2020,3,32367,13
1/15/2020,0,32367,13
1/16/2020,1,32368,11
1/17/2020,5,32373,14
1/18/2020,2,32375,13
1/19/2020,6,32381,15
1/20/2020,3,32384,14
1/21/2020,3,32387,16
1/22/2020,3,32390,16
1/23/2020,1,32391,16
1/24/2020,2,32393,15
1/25/2020,1,32394,18
1/26/2020,1,32395,17
1/27/2020,5,32400,14
1/28/2020,2,32402,13
1/29/2020,4,32406,16
1/30/2020,4,32410,16
1/31/2020,2,32412,15
2/1/2020,72,32414,12
2/2/2020,73,32416,11
2/3/2020,74,32418,11
2/4/2020,75,32420,11
2/5/2020,76,32422,14
2/6/2020,78,32425,13
2/7/2020,79,32431,15
2/8/2020,85,32439,16
2/9/2020,86,32441,13
2/10/2020,88,32443,14
2/11/2020,87,32446,14
2/12/2020,87,32450,16
2/13/2020,0,32458,16
2/14/2020,4,32462,17
2/15/2020,4,32466,13
2/16/2020,4,32470,11
2/17/2020,4,32474,11
2/18/2020,6,32480,15
2/19/2020,7,32487,12
2/20/2020,6,32493,15
2/21/2020,2,32495,14
2/22/2020,5,32500,16
2/23/2020,1,32501,15
2/24/2020,1,32502,12
2/25/2020,1,32503,14
2/26/2020,5,32508,14
2/27/2020,5,32513,17
2/28/2020,2,32515,17
2/29/2020,5,32520,18
3/1/2020,111,32525,14
3/2/2020,114,32530,14
3/3/2020,115,32533,16
3/4/2020,120,32540,15
3/5/2020,125,32547,14
3/6/2020,123,32548,13
3/7/2020,121,32552,15
3/8/2020,120,32559,13
3/9/2020,120,32561,14
3/10/2020,127,32570,13
3/11/2020,126,32572,13
3/12/2020,132,32582,10
3/13/2020,0,32592,12
3/14/2020,8,32600,13
3/15/2020,5,32605,12
3/16/2020,6,32611,11
3/17/2020,8,32619,10
3/18/2020,17,32636,11
3/19/2020,13,32649,11
3/20/2020,8,32657,9
3/21/2020,2,32659,12
3/22/2020,17,32676,13
3/23/2020,21,32697,13
3/24/2020,21,32718,14
3/25/2020,21,32739,13
3/26/2020,21,32760,13
3/27/2020,20,32780,12
3/28/2020,19,32799,12
3/29/2020,20,32819,11
3/30/2020,15,32834,14
3/31/2020,9,32843,14
4/1/2020,341,32866,13
4/2/2020,358,32888,13
4/3/2020,363,32896,13
4/4/2020,378,32918,12
4/5/2020,392,32939,11
4/6/2020,414,32962,7
4/7/2020,425,32977,7
4/8/2020,439,32998,5
4/9/2020,459,33020,4
4/10/2020,473,33043,4
4/11/2020,494,33066,4
4/12/2020,506,33088,4
4/13/2020,0,33106,4
4/14/2020,27,33133,8
4/15/2020,21,33154,9
4/16/2020,23,33177,9
4/17/2020,21,33198,6
4/18/2020,22,33220,5
4/19/2020,9,33229,7
4/20/2020,17,33246,6
4/21/2020,25,33271,5
4/22/2020,25,33296,6
4/23/2020,26,33322,4
4/24/2020,24,33346,3
4/25/2020,28,33374,3
4/26/2020,27,33401,8
4/27/2020,26,33427,5
4/28/2020,25,33452,4
4/29/2020,6,33458,7
4/30/2020,12,33470,7
5/1/2020,625,33491,6
5/2/2020,619,33507,9
5/3/2020,637,33533,8
5/4/2020,629,33547,7
5/5/2020,630,33569,6
5/6/2020,638,33600,7
5/7/2020,651,33628,6
5/8/2020,650,33648,4
5/9/2020,646,33666,3
5/10/2020,648,33691,2
5/11/2020,632,33698,3
5/12/2020,632,33720,9
5/13/2020,0,33738,7
5/14/2020,16,33754,8
5/15/2020,30,33784,9
5/16/2020,21,33805,8
5/17/2020,24,33829,6
5/18/2020,24,33853,5
5/19/2020,26,33879,3
5/20/2020,29,33908,2
5/21/2020,27,33935,0
5/22/2020,28,33963,1
5/23/2020,13,33976,1
5/24/2020,26,34002,2
5/25/2020,7,34009,4
5/26/2020,26,34035,2
5/27/2020,27,34062,2
5/28/2020,29,34091,1
5/29/2020,30,34121,1
5/30/2020,28,34149,2
5/31/2020,28,34177,1
6/1/2020,714,34205,0
6/2/2020,723,34230,1
6/3/2020,724,34257,1
6/4/2020,733,34280,1
6/5/2020,719,34288,2
6/6/2020,702,34302,5
6/7/2020,692,34320,7
6/8/2020,689,34337,5
6/9/2020,681,34347,5
6/10/2020,665,34356,6
6/11/2020,670,34368,3
6/12/2020,668,34388,2
6/13/2020,0,34402,2
6/14/2020,24,34426,1
6/15/2020,16,34442,1
6/16/2020,26,34468,1
6/17/2020,22,34490,1
6/18/2020,13,34503,1
6/19/2020,26,34529,1
6/20/2020,22,34551,0
6/21/2020,24,34575,1
6/22/2020,13,34588,1
6/23/2020,25,34613,1
6/24/2020,29,34642,1
6/25/2020,28,34670,1
6/26/2020,28,34698,1
6/27/2020,17,34715,1
6/28/2020,15,34730,1
6/29/2020,26,34756,0
6/30/2020,17,34773,1
7/1/2020,584,34789,1
7/2/2020,569,34799,1
7/3/2020,556,34813,1
7/4/2020,556,34836,1
7/5/2020,555,34843,3
7/6/2020,558,34860,3
7/7/2020,566,34886,1
7/8/2020,566,34903,0
7/9/2020,561,34908,3
7/10/2020,566,34922,1
7/11/2020,582,34950,2
7/12/2020,587,34975,1
7/13/2020,0,35002,2
7/14/2020,29,35031,0
7/15/2020,8,35039,1
7/16/2020,10,35049,3
7/17/2020,9,35058,1
7/18/2020,16,35074,2
7/19/2020,25,35099,1
7/20/2020,23,35122,0
7/21/2020,19,35141,1
7/22/2020,29,35170,1
7/23/2020,24,35194,2
7/24/2020,23,35217,0
7/25/2020,9,35226,1
7/26/2020,9,35235,1
7/27/2020,20,35255,1
7/28/2020,17,35272,1
7/29/2020,17,35289,1
7/30/2020,25,35314,1
7/31/2020,27,35341,0
8/1/2020,575,35364,1
8/2/2020,586,35385,1
8/3/2020,595,35408,1
8/4/2020,582,35418,1
8/5/2020,598,35441,1
8/6/2020,607,35467,1
8/7/2020,606,35492,1
8/8/2020,609,35512,1
8/9/2020,627,35535,0
8/10/2020,636,35558,0
8/11/2020,630,35580,0
8/12/2020,625,35600,0
8/13/2020,0,35621,0
8/14/2020,14,35635,0
8/15/2020,17,35652,0
8/16/2020,10,35662,0
8/17/2020,12,35674,0
8/18/2020,18,35692,0
8/19/2020,17,35709,0
8/20/2020,13,35722,0
8/21/2020,15,35737,0
8/22/2020,21,35758,0
8/23/2020,14,35772,0
8/24/2020,13,35785,0
8/25/2020,17,35802,0
8/26/2020,9,35811,1
8/27/2020,8,35819,2
8/28/2020,8,35827,2
8/29/2020,10,35837,3
8/30/2020,11,35848,3
8/31/2020,8,35856,3
9/1/2020,505,35869,3
9/2/2020,495,35880,4
9/3/2020,488,35896,3
9/4/2020,484,35902,2
9/5/2020,476,35917,2
9/6/2020,467,35934,3
9/7/2020,455,35947,3
9/8/2020,452,35964,4
9/9/2020,433,35968,3
9/10/2020,418,35976,2
9/11/2020,416,35996,2
9/12/2020,413,36013,3
9/13/2020,0,36027,3
9/14/2020,19,36046,2
9/15/2020,17,36063,2
9/16/2020,17,36080,1
9/17/2020,18,36098,1
9/18/2020,18,36116,3
9/19/2020,18,36134,1
9/20/2020,14,36148,1
9/21/2020,17,36165,2
9/22/2020,16,36181,2
9/23/2020,16,36197,3
9/24/2020,7,36204,3
9/25/2020,8,36212,5
9/26/2020,5,36217,7
9/27/2020,14,36231,8
9/28/2020,6,36237,5
9/29/2020,1,36238,6
9/30/2020,8,36246,5
10/1/2020,384,36253,4
10/2/2020,377,36257,5
10/3/2020,365,36261,7
10/4/2020,362,36264,6
10/5/2020,357,36274,8
10/6/2020,346,36280,7
10/7/2020,344,36291,7
10/8/2020,332,36296,7
10/9/2020,331,36299,7
10/10/2020,331,36307,7
10/11/2020,317,36313,9
10/12/2020,310,36323,9
10/13/2020,0,36332,8
10/14/2020,4,36336,9
10/15/2020,5,36341,10
10/16/2020,8,36349,8
10/17/2020,5,36354,10
10/18/2020,6,36360,9
10/19/2020,5,36365,9
10/20/2020,7,36372,8
10/21/2020,2,36374,8
10/22/2020,6,36380,7
10/23/2020,5,36385,6
10/24/2020,8,36393,5
10/25/2020,3,36396,6
10/26/2020,2,36398,8
10/27/2020,4,36402,9
10/28/2020,3,36405,9
10/29/2020,4,36409,10
10/30/2020,3,36412,9
10/31/2020,3,36415,8
11/1/2020,166,36419,7
11/2/2020,165,36422,6
11/3/2020,163,36424,5
11/4/2020,166,36430,9
11/5/2020,163,36437,11
11/6/2020,165,36445,11
11/7/2020,162,36453,13
11/8/2020,165,36461,11
11/9/2020,167,36466,10
11/10/2020,162,36469,9
